id;methods;replicate;RBC;HCT;HGB;MCV;MCH;MCHC;RDW;WBC;NEU %;LYM %;MONO%;EOS%;BASO%;NEUK/ul;LYMK/ul;MONOK/uL;EOSK/uL;BASOK/uL;PLT;MPV;PDW;PCT
1;DF-50;1;4,2;28,5;9,9;67,7;23,5;34,7;18,6;32,22;57;27,2;12,6;3,1;0,1;18,38;8,76;4,06;0,99;0,03;544;10,8;15,1;0,59
1;DF-50;2;4,21;28,6;9,9;68,1;23,6;34,6;18,6;32,14;57,6;27,3;12;0,01;0,1;18,52;8,76;3,87;0,97;0,02;541;10,8;15,2;0,59
1;Procyte Idexx;1;3,77;27,2;9,7;72;25,9;35,9;15,7;26,84;71,9;21,7;3,1;2,8;0,5;19,3;5,83;0,83;0,75;0,13;500;10;16,5;0,5
1;Procyte Idexx;2;3,86;27,7;10,1;71,8;26,2;36,4;15,4;27,67;63,6;22,1;10,9;3;0,4;17,6;6,12;3,01;0,83;0,11;496;9,9;16,6;0,49
2;DF-50;1;6,2;40,8;14,2;65,8;22,9;34,8;16,1;9,45;53,9;26,7;13;5,8;0,6;5,09;2,52;1,23;0,55;0,06;618;9,3;11;0,57
2;DF-50;2;6,25;41;14,2;65,6;22,7;34,6;15,9;9,53;53,5;27,1;13,9;5,5;0;5,11;2,58;1,32;0,52;0;623;9,3;11,5;
2;Procyte Idexx;1;5,56;38,4;14,1;69;25,4;36,8;13,2;7,66;60,2;21;12,8;5,8;0,2;4,62;1,61;0,98;0,44;0,01;455;8,6;15,7;0,39
2;Procyte Idexx;2;5,58;38,5;14,3;68,9;25,6;37,1;13,2;7,89;60,6;20,4;13,2;5,5;0,3;4,79;1,61;1,04;0,43;0,02;465;8,6;15,8;0,4
3;DF-50;1;6,98;49,1;16,6;70,3;23,8;33,8;15,9;7,73;60,4;17,7;7,1;13,5;1,3;4,67;1,37;0,55;1,04;0,1;328;9,7;11,6;0,32
3;DF-50;2;6,99;49,5;16,4;70,8;23,5;33,1;15,9;7,8;62;18,2;6,2;13,5;0,1;4,84;1,42;0,48;1,05;0,01;306;8,6;9,5;0,26
3;Procyte Idexx;1;6,37;46,5;16,7;72,7;26,2;36;13,3;6,16;63,4;16,1;6,7;13,5;0,3;3,91;1;0,41;0,83;0,01;249;8,6;16,3;0,22
3;Procyte Idexx;2;6,39;46,4;16,8;72,6;26,2;36,1;13,4;6,18;64,5;17,2;6,5;11,7;0,1;3,99;1,07;0,4;0,72;0;246;8,8;16;0,22
4;DF-50;1;8,32;49,8;17,1;59,9;20,6;34,3;21,1;9,13;80,6;10,6;5,4;3,1;0,3;7,36;0,97;0,49;0,28;0,03;514;10,6;13,6;0,51
4;DF-50;2;8,4;50;17,3;59,5;20,6;34,6;21,2;9,28;80,8;10,8;5,4;2,7;0,3;7,5;1;0,5;0,25;0,03;487;10,5;14,1;0,54
4;Procyte Idexx;1;7,15;45,6;16,8;63,7;23,5;36,9;19,8;7,6;84,4;6,6;5,7;3,2;0,1;6,42;0,51;0,43;0,24;0;363;9,4;15,7;0,34
4;Procyte Idexx;2;7,2;45,8;17,1;63,6;23,8;37,4;20;7,62;82,7;7,6;6,2;3,4;0,1;6,31;0,58;0,48;0,25;0;378;9,3;15,7;0,35
5;DF-50;1;8,25;55,2;19,9;66,9;23,8;35,5;17,8;9,09;57,6;20,6;4,8;16,1;0,9;5,24;1,87;0,44;1,46;0,08;234;10,5;11,8;0,24
5;DF-50;2;8,27;55;19,6;66,5;24,1;36,2;18,4;9,05;57,2;20,9;4,9;16,9;0,1;5,18;1,89;0,44;1,53;0,01;220;10,6;11,6;0,23
5;Procyte Idexx;1;7,46;52,6;20;70,5;26,8;38;16,4;7,58;60,5;18,3;4,5;16,5;0,2;4,59;1,39;0,34;1,25;0,1;163;8,6;16;0,14
5;Procyte Idexx;2;7,39;52,2;19,9;70,6;26,9;38,1;17,1;7,54;57,7;19,5;4,9;17,8;0,1;4,36;1,48;0,36;1,34;0;168;8,8;16;0,15
6;DF-50;1;8,88;58,4;20,8;65,8;23,4;35,6;19,9;8,65;64,5;22,9;7,4;5,1;0,1;5,58;1,98;0,64;0,44;0,01;254;9,9;12,3;0,25
6;DF-50;2;9,01;59,2;21;65,7;23,3;35,5;20,1;8,69;64;23,1;7,6;5,1;0,2;5,56;2,01;0,66;0,44;0,02;245;9,8;11,6;0,24
6;Procyte Idexx;1;7,74;54;20,6;69,7;26,6;38,2;19,2;6,72;66,6;20,2;7,6;5,2;0,4;4,48;1,36;0,52;0,34;0,02;176;8,5;15,7;0,15
6;Procyte Idexx;2;7,95;55,8;21;70,1;26,4;37,7;19,8;7,07;65,9;20,3;7,6;5,8;0,4;4,66;1,44;0,54;0,41;0,02;175;8,4;15,5;0,15
7;DF-50;1;3,21;21;7,9;65,4;24,6;37,6;18;42,9;68,7;16,2;13,8;1,2;0,1;29,44;6,96;5,92;0,52;0,06;62;;;
7;DF-50;2;3,25;21;8,1;64,6;24,9;38,6;17,9;44,6;66,7;18,8;13,9;0,6;0;29,74;8,4;6,23;0,27;0,02;68;;;
7;Procyte Idexx;1;3,15;22,7;8,5;71,9;26,8;37,3;17,3;38,41;88,5;3,2;5,1;2,4;0,8;34;1,23;1,96;0,92;0,3;82;9,8;17,7;0,08
7;Procyte Idexx;2;3,13;22,5;8,5;71,8;27;37,6;17,3;37,65;88,3;3,1;5,9;2;0,7;33,25;1,16;2,23;0,75;0,26;107;10,7;18,3;0,11
8;DF-50;1;4,6;29,9;10,2;65,4;22,3;34,1;15,7;14,96;45,1;27,1;27,3;0,5;0;6,76;4,05;4,08;0,07;0;126;10,1;14,8;0,13
8;DF-50;2;4,57;29,9;10,4;65;22,6;34,8;15,8;14,69;41,4;27,4;30,5;0,7;0;6,09;4,02;4,48;0,1;0;114;10;14,8;0,11
8;Procyte Idexx;1;4,32;29,4;10,6;68;24,5;36,1;13,6;11,25;78,2;16,7;3,4;0,6;1,1;8,8;1,88;0,39;0,06;0,12;134;9,1;16,5;0,12
8;Procyte Idexx;2;4,33;29,4;10,6;67,9;24,6;36,2;13,5;11,35;78,1;17;3,4;0,6;0,9;8,87;1,93;0,39;0,06;0,1;131;9;16,4;0,12
9;DF-50;1;5,64;39,8;13,9;70,6;24,6;34,9;15,6;8,35;73,2;21,1;4;1,6;0,1;6,12;1,76;0,33;0,13;0,01;240;9,5;11,9;0,23
9;DF-50;2;5,65;39,6;14;70,1;24,8;35,4;15,6;8,14;73,1;21,7;3,6;1,6;0;5,95;1,77;0,29;0,13;0;373;8,5;9,8;0,32
9;Procyte Idexx;1;5,22;38;14,5;72,8;27,8;38,2;13,2;6,97;74,9;21;2,1;1,9;0,1;5,23;1,47;0,14;0,13;0;313;8,7;15,7;0,27
9;Procyte Idexx;2;5,2;37,8;14,2;72,8;27,4;37,6;13,3;6,68;75;20,6;2,2;1,9;0,3;5,02;1,38;0,14;0,12;0,02;309;8,5;15,8;0,26
10;DF-50;1;8,19;53,7;19,6;65,6;23,9;36,5;18,8;9,55;67,4;21;5,5;5,8;0,3;6,43;2,01;0,53;0,55;0,03;299;12,2;14,5;0,36
10;DF-50;2;8,14;54,7;19,6;67,2;24,1;35,8;19,3;9,83;68;20,4;5,5;6;0,1;6,68;2,01;0,54;0,59;0,01;307;11,8;14,7;0,36
10;Procyte Idexx;1;7,44;53,2;19,9;71,5;26,7;37,4;18,1;8,17;70,8;17;6,4;5,4;0,4;5,79;1,39;0,52;0,44;0,03;227;10,1;15,8;0,24
10;Procyte Idexx;2;7,43;53,2;19,9;71,6;26,8;37,5;18,6;8,24;69,5;17,8;6,4;6;0,3;5,73;1,47;0,53;0,49;0,02;234;10,2;15,7;0,24
11;DF-50;1;8,08;54,3;19,5;67,2;24,1;35,9;18,7;5,69;59,8;24,1;6,5;9,1;0,5;3,4;1,37;0,37;0,51;0,03;288;10,1;10,6;0,29
11;DF-50;2;8,14;55,1;19,4;67,7;23,8;35,2;18,7;5,95;60,6;23,7;6,9;8,6;0,2;3,61;1,41;0,41;0,52;0,01;280;9,3;10,4;0,26
11;Procyte Idexx;1;7,2;52;19,7;72,1;27,3;37,9;12,8;4,72;62,3;21,7;5,7;9,7;0,6;2,95;1,03;0,26;0,46;0,02;209;8,7;16,1;0,18
11;Procyte Idexx;2;7,3;53;19,8;72,6;27,1;37,3;17,2;4,77;61,8;22,6;5,5;9,6;0,5;2,95;1,08;0,26;0,46;0,02;208;8,7;15,8;0,18
12;DF-50;1;9,1;54,3;19,3;59,7;21,2;35,5;22,3;6,04;65,1;21;8,1;5,1;0,7;3,93;1,27;0,49;0,31;0,04;297;10,1;12;0,3
12;DF-50;2;9,11;54;19,3;59,3;21,2;35,7;22,2;6,12;63,4;21,4;10,1;4,9;0,2;3,88;1,31;0,62;0,3;0,01;301;10,2;13;0,31
12;Procyte Idexx;1;7,71;49,9;19,1;64,7;24,8;38,3;21,5;4,83;67;18,8;8,4;5;0,8;3,24;0,91;0,41;0,24;0,03;198;8,7;15,5;0,17
12;Procyte Idexx;2;7,79;50,5;19,3;64,8;24,7;38,1;21,2;4,74;65,8;19,2;7,9;6,1;1;3,12;0,92;0,38;0,28;0,04;192;8,6;15,4;0,17
13;DF-50;1;4,44;26,4;16;59,5;36;60,6;16,8;6,92;10,2;57,9;31,4;0,1;0,4;0,7;4,01;2,17;0,01;0,03;66;7,5;10,5;0,05
13;DF-50;2;4,45;26,5;16;59,6;36;60,4;16,9;6,64;10,7;52,4;36,4;0,5;0;0,71;3,48;2,42;0,03;0;66;8,4;11,8;0,06
13;Procyte Idexx;1;4,14;26,9;19,1;64,9;46,2;71,1;13,7;7,58;84,6;7;3,3;4,4;0,7;6,42;0,53;0,25;0,33;0,05;132;5,9;18,1;0,08
13;Procyte Idexx;2;4,1;26,6;19;64,9;46,3;71,5;13,7;7,37;86,3;6;4,2;3,1;0,4;6,37;0,45;0,31;0,22;0,02;130;5,7;17,9;0,07
14;DF-50;1;8,24;53,7;18,9;65,2;22,9;35,2;19,6;1,93;19,7;54,4;25,4;0,5;0;0,38;1,05;0,49;0,01;0;171;11,1;13,7;0,19
14;DF-50;2;8,39;54,7;19;65,2;22,6;34,7;19,7;1,92;19,8;56,3;23,4;0,5;0;0,38;1,08;0,45;0,01;0;149;11,6;17,1;0,17
14;Procyte Idexx;1;7,36;50,6;19,3;68,8;26,2;38,1;18,8;1,63;72,7;17,7;4,6;1,3;3,7;1,19;0,29;0,07;0,02;0,06;146;8,6;15,5;0,13
14;Procyte Idexx;2;7,32;50,4;19;68,9;26;37,8;19;1,56;70;16,7;7,4;1,3;4,6;1,1;0,26;0,11;0,02;0,07;181;9,5;15,6;0,17
15;DF-50;1;5,44;32,9;17;60,5;31,3;51,7;16,5;15,14;5,3;79,9;12,9;0,2;1,7;0,81;12,9;1,96;0,03;0,25;68;;;
15;DF-50;2;5,46;33,1;17;60,6;31,1;51,4;16,5;14,76;5,8;80,6;12,7;0,2;0,7;0,85;11,9;1,87;0,03;0,11;73;;;
15;Procyte Idexx;1;4,87;31,9;19;65,4;38,9;59,5;13,7;11,97;87,6;4,6;4,6;1,8;0,7;10,49;0,55;0,64;0,21;0,08;105;6,4;18;0,07
15;Procyte Idexx;2;4,87;31,9;19,2;65,5;39,4;60,2;13,6;12,52;87,6;3,7;5,1;3;0,6;10,97;0,47;0,64;0,37;0,07;108;6,6;18,1;0,07
16;DF-50;1;6,07;36,3;13,5;59,8;22,2;37,2;15,7;16,67;86,3;6,8;4,6;2,2;0,1;14,38;1,13;0,77;0,37;0,02;88;9,4;12,3;0,08
16;DF-50;2;6,04;36,3;13,4;60,1;22,2;36,9;15,7;16,18;85,8;7,5;4,4;2,2;0,1;13,88;1,21;0,72;0,36;0,01;90;9,6;12,6;0,09
16;Procyte Idexx;1;5,28;34,3;13,5;64,9;25,6;39;13,1;12,03;88,9;4,5;4,7;1,8;0,1;10,7;0,54;0,57;0,21;0,01;90;8,2;16;0,07
16;Procyte Idexx;2;5,33;34,6;13,5;64,9;25,3;39;13,1;12;88,4;4,9;4,8;1,8;0,1;10,61;0,59;0,58;0,21;0,01;92;8,1;15,9;0,07
17;DF-50;1;1,96;13,4;4,2;68,4;21,4;31,3;29,8;15,8;57,1;32,7;10;0,1;0,1;9,01;5,17;1,58;0,02;0,02;63;;;
17;DF-50;2;1,96;13,3;4,2;67,9;21,4;31,6;29,7;16,04;56;33,2;10,6;0,2;0;8,98;5,33;1,7;0,03;0;70;;;
17;Procyte Idexx;1;1,85;12,9;4,4;69,9;23,9;34,2;23,9;12,5;56,7;37;2,7;1,1;2,5;7,09;4,63;0,34;0,13;0,31;81;9,6;17,4;0,08
17;Procyte Idexx;2;1,86;13;4,4;69,9;23,7;34,1;23,7;12,55;55,2;38,5;2,9;1,2;2,2;6,93;4,84;0,36;0,15;0,27;81;10,1;17,6;0,08
18;DF-50;1;4,33;26,7;9,8;61,7;22,6;36,7;15,7;28,75;88,4;7;4,1;0,4;0,1;25,41;2,01;1,18;0,12;0,03;227;9,3;11,2;0,21
18;DF-50;2;4,2;26;9,7;61,9;23,1;37,3;15,7;29,16;88,7;7,2;3,7;0,2;0,2;25,85;2,09;1,09;0,07;0,06;221;9,1;11,1;0,2
18;Procyte Idexx;1;3,94;26,8;10,1;68,1;25,5;37,5;13,5;19,96;92,7;3,4;3,2;0,6;0,1;18,51;0,68;0,64;0,12;0,01;222;8,3;16,2;0,18
18;Procyte Idexx;2;4,04;27,6;10;68,3;24,8;36,4;13,4;19,56;92,5;3,6;3;0,8;0,1;18,1;0,71;0,59;0,15;0,01;235;8,5;16,2;0,2
19;DF-50;1;6,13;41,3;14,7;67,4;24;35,6;18,9;10,01;77,8;12;7,4;2,4;0,4;7,79;1,2;0,74;0,24;0,04;401;8,5;10,4;0,34
19;DF-50;2;6,17;41,4;14,6;67,1;23,7;35,3;19,1;10,48;79,4;10,9;7,2;2,3;0,2;8,33;1,14;0,75;0,24;0,02;400;9;10,8;0,36
19;Procyte Idexx;1;5,53;38,9;14,7;70,3;26,6;37,9;14,2;7,15;81,7;8,4;7,3;2,4;0,2;5,85;0,6;0,52;0,17;0,01;320;8;15,9;0,26
19;Procyte Idexx;2;5,47;38,4;14,5;70,3;26,5;37,7;14,3;7,05;81,5;9,3;6,7;2,3;0,2;5,75;0,66;0,47;0,16;0,01;324;8,4;15,8;0,27
20;DF-50;1;6,5;37,8;12,7;58,2;19,5;33,6;19,6;8,5;50,6;37,6;8,2;3,6;0;4,29;3,2;0,7;0,31;0;108;11,1;14,7;0,12
20;DF-50;2;6,4;37;12,7;57,8;19,8;34,3;19,5;8,69;50,7;37,6;8,4;3,3;0;4,4;3,27;0,73;0,29;0;69;10,7;13,8;0,07
20;Procyte Idexx;1;5,68;34,6;12,7;60,9;22,3;36,6;14,4;7,98;55,7;35,7;4,4;4;0,2;4,45;2,85;0,36;0,31;0,01;143;9,7;15,3;0,14
20;Procyte Idexx;2;5,7;34,8;12,7;61,1;22,2;36,4;14,4;8,02;21,7;36,8;8,1;3,2;0,2;4,15;2,96;0,65;0,25;0,01;137;9,7;15,3;0,13
21;DF-50;1;7,37;52,6;18,4;72,5;25,3;35;17,3;9,77;69,9;21;6,3;2,3;0,5;6,83;2,05;0,62;0,22;0,05;215;12,3;15,9;0,26
21;DF-50;2;7,26;53,1;18,7;72;25,4;35,2;17,5;9,82;69,1;22;6,5;2,2;0,2;6,78;2,16;0,64;0,22;0,02;222;11,7;16,1;0,26
21;Procyte Idexx;1;6,41;48,7;18,3;76;28,6;37,6;13,2;8,17;69,5;20,5;6,6;2,8;0,6;5,68;1,68;0,54;0,23;0,04;199;10,4;15,9;0,21
21;Procyte Idexx;2;6,47;48;18,4;76,2;28,4;37,3;13,2;8,24;71,3;19,4;6,2;2,8;0,3;5,86;1,6;0,51;0,23;0,02;191;10,5;16,1;0,2
22;DF-50;1;7,03;41,7;14,9;59,3;21,2;35,7;20,7;13,15;64,6;27,5;6,7;1,1;0,1;8,5;3,62;0,88;0,14;0,01;320;9,2;10,6;0,3
22;DF-50;2;7,07;41,6;14,9;58,8;21,1;35,8;20,8;12,6;64,6;27,8;6,3;1,1;0,2;8,13;3,5;0,8;0,14;0,03;330;9;10,3;0,3
22;Procyte Idexx;1;6,28;39,7;15;63,2;23,8;37,7;15,4;10,77;73,8;23,1;2,1;0,9;0,1;7,95;2,49;0,23;0,09;0,01;239;7,9;15,6;0,19
22;Procyte Idexx;2;6,29;39,9;15;63,4;23,9;37,6;15,9;10,55;73;23,8;2;1,1;0,1;7,71;2,51;0,21;0,11;0,01;233;8,1;15,5;0,19
23;DF-50;1;7,23;47,4;17;65,6;23,5;35,9;17,3;11,87;72,9;14,2;8,9;3,8;4,1;8,66;1,68;1,06;0,45;0,02;440;9,2;10,8;0,4
23;DF-50;2;7,23;47,2;16,8;65,3;23,2;35,6;17,2;12,18;73,5;14,4;8,4;3,3;0,4;8,95;1,76;1,02;0,4;0,05;437;9,3;10,9;0,41
23;Procyte Idexx;1;6,49;46,5;16,9;70,7;26;36,8;13;9,2;75,7;12,7;6,9;3,9;0,8;6,97;1,17;0,64;0,35;0,07;303;8,4;15,8;0,26
23;Procyte Idexx;2;6,49;46;17,1;70,8;26,3;37,1;12,9;9,09;75,3;12,7;7,2;4,1;0,7;6,85;1,16;0,65;0,37;0,06;303;8,4;16;0,26
24;DF-50;1;1,62;9,1;2,6;56,2;16;28,6;30;23,3;67;12,4;20,1;0,3;0,2;15,61;2,9;4,68;0,06;0,05;222;;;
24;DF-50;2;1,63;9,2;2,7;56,4;16,6;29,3;29,7;23,22;68,1;12,1;19,5;0,2;0,1;15,81;2,82;4,53;0,04;0,02;218;;;
24;Procyte Idexx;1;1,6;9,6;2,7;59,5;16,7;28;;19,52;72,9;9,4;16,8;0,5;0,4;14,24;1,84;3,28;0,09;0,07;234;11;15,5;0,26
24;Procyte Idexx;2;1,58;9,6;2,8;60,3;17,7;29,4;;19,37;73,1;8,7;16;1,9;0,3;14,16;1,69;3,1;0,37;0,05;232;11,4;15,6;0,27
25;DF-50;1;6,52;41,2;14,7;63,2;22,5;35,7;14,9;8,63;49,2;40,1;7,4;1,6;1,7;4,24;3,46;0,64;0,14;0,15;312;12;15,6;0,38
25;DF-50;2;6,48;41,2;14,6;63,6;22,5;35,4;14,3;8,56;51,4;39;7,6;1,9;0,1;4,4;3,34;0,65;0,16;0,01;318;10,9;14,2;0,35
25;Procyte Idexx;1;5,93;39,7;14,8;67;25;37,4;12,6;7,28;51,7;40,6;5,5;1,9;0,3;3,77;2,96;0,4;0,13;0,02;265;10,6;15,7;0,28
25;Procyte Idexx;2;5,93;39,8;14,8;67,1;25;37,3;12,7;7,32;52,3;40,3;5,4;1,7;0,3;3,83;2,95;0,4;0,12;0,02;256;10,7;15,5;0,27
26;DF-50;1;4,38;27,7;11,1;63,2;25,3;40,1;17;20,7;84,2;8,2;6,7;0,8;0,1;17,44;1,69;1,38;0,17;0,02;706;10,1;13,3;0,71
26;DF-50;2;4,4;27,9;11,1;63,4;25,2;39,8;17;21,08;84,4;7,9;6,4;0,8;0,1;17,89;1,66;1,35;0,16;0,02;690;10;13,3;0,69
26;Procyte Idexx;1;4,09;27,6;11,8;67,4;28,9;42,9;14;15,11;88,4;4,6;6;0,9;0,1;13,36;0,7;0,91;0,13;0,01;624;9,3;16,1;0,58
26;Procyte Idexx;2;4,08;27,4;11,9;67,3;29,2;43,5;14;15,91;87,8;5,1;5,9;1,1;0,1;13,97;0,82;0,94;0,17;0,01;624;9,4;16,1;0,59
27;DF-50;1;6,34;27,7;13;58,8;20,5;34,9;21,8;13,3;75,4;12,6;11,3;0,4;0,3;10,04;1,67;1,5;0,05;0,04;466;11,4;17,6;0,53
27;DF-50;2;6,38;27,9;13,1;58,5;20,5;35,1;22;13,29;76,6;11,7;11,7;0,4;0,2;10,19;1,55;1,48;0,05;0,02;454;;;
27;Procyte Idexx;1;5,72;27,6;13,3;63,4;23,2;36,5;16,5;10,24;78,1;8,9;10;0,9;2,1;8;0,91;1,03;0,09;0,21;355;10,3;15,4;0,37
27;Procyte Idexx;2;5,79;27,4;13,2;63,8;22,9;35,8;16,8;10,13;78,6;8,4;9,7;1;2,3;7,97;0,85;0,98;0,1;0,23;359;10;15,3;0,36
28;DF-50;1;7,1;37,3;16,1;61,4;22,7;36,9;16,7;13,7;71,6;13,1;10,5;4,7;0,1;9,81;1,79;1,44;0,65;0,01;201;12,7;18,7;0,26
28;DF-50;2;7,08;37,3;16;61,2;22,6;37;16,5;13,67;72,9;12,6;10;4,4;0,1;9,97;1,72;1,37;0,6;0,01;206;12,9;17,6;0,27
28;Procyte Idexx;1;6,46;36,3;16,5;67;25,5;38,1;11,03;11,03;75,7;10,3;9,1;4,4;0,5;8,35;1,14;1,01;0,48;0,05;159;10,5;15,3;0,17
28;Procyte Idexx;2;6,49;36,9;16,5;66,9;25,5;38;13;10,94;75;10,8;9,3;4,2;0,7;8,21;1,19;1,02;0,45;0,07;175;11,1;15,5;0,19
29;DF-50;1;4,13;43,6;8,9;59,1;21,5;36,5;16,2;20,11;63,6;11,9;23,8;0,6;0,1;12,78;2,39;4,78;0,13;0,03;242;11,2;17,7;0,27
29;DF-50;2;4,14;43,3;8,9;58,7;21,5;36,6;16,3;19,64;64;10,6;24,6;0,7;0,1;12,58;2,08;4,83;0,13;0,02;263;11,5;18,7;0,3
29;Procyte Idexx;1;3,84;43,3;9,2;63;24;38,1;13,8;17,13;71,8;5,5;21,6;0,7;0,4;12,3;0,95;3,71;0,11;0,06;260;10;16;0,26
29;Procyte Idexx;2;3,8;43,4;9,1;62,9;24,1;38,3;13,9;16,72;71,5;5,9;21,5;0,7;0,4;11,96;0,99;3,6;0,11;0,06;268;10,2;16,1;0,27
30;DF-50;1;5,83;24,4;14,2;72,2;24,4;33,7;14,4;8,74;73,6;19,6;6,5;0,3;0;6,43;1,71;0,57;0,03;0;81;;;
30;DF-50;2;5,77;24,3;14;71,4;24,3;34;14,4;8,97;78,7;14;6,7;0,6;0;7,06;1,26;0,6;0,05;0;74;;;
30;Procyte Idexx;1;5,32;24,2;14,3;74,2;26,9;36,2;12,6;7,25;86,3;7,2;4,9;1,5;0,1;6,26;0,53;0,36;0,1;0;76;10,8;16,2;0,08
30;Procyte Idexx;2;5,36;23,9;14,3;74,3;26,8;36,1;12,7;7,19;87,5;6,6;4,3;1,5;0,1;6,3;0,48;0,31;0,1;0;70;10,5;15,9;0,07
31;DF-50;1;7,76;42,1;17,9;67,8;23,1;34;18;6,51;80,3;14,3;5,2;0,2;0;5,23;0,93;0,34;0,01;0;447;8,9;10,3;0,4
31;DF-50;2;7,72;41,2;18;67,7;23,3;34,4;18,4;6,73;80,1;13,5;5,8;0,3;0,3;5,39;0,91;0,39;0,02;0,02;448;9,1;10,5;0,41
31;Procyte Idexx;1;6,81;39,5;17,9;70,3;26,2;37,3;13,2;5,59;84,2;10;5,3;0,4;0,1;4,71;0,56;0,3;0,02;0;297;8,1;15,9;0,24
31;Procyte Idexx;2;6,92;39,8;18,1;70,5;26,2;37,1;13,1;5,46;83,2;10,5;6,1;0,1;0,1;4,55;0,58;0,33;0;0;304;8,3;16,1;0,25
32;DF-50;1;4,82;52,6;10,9;66;22,6;34,3;18,3;9,43;68,9;13,1;10;7,8;0,2;6,49;1,24;0,94;0,74;0,02;441;8,9;10,9;0,39
32;DF-50;2;4,7;52,3;10,7;66,4;22,8;34,3;18;9,15;68,3;14;9,7;7,7;0,3;6,25;1,28;0,89;0,7;0,03;437;8,6;10,6;0,38
32;Procyte Idexx;1;4,45;47,8;11;68,5;24,6;35,9;14,6;6,92;69,9;12,2;8,8;8,3;0,8;4,84;0,85;0,61;0,57;0,05;391;8,3;16,1;0,33
32;Procyte Idexx;2;4,47;48,8;11,1;68,6;24,8;36,1;14,5;7,01;69,9;12,4;9,5;7,6;0,6;4,9;0,87;0,67;0,53;0,04;398;8,4;16,1;0,34
33;DF-50;1;9,28;31,8;20,9;63,9;22,5;35,2;21,4;10,24;64,4;27,1;6;1,5;0,8;6,63;2,77;0,61;0,15;0,08;246;9,2;10,3;0,23
33;DF-50;2;9,34;31,2;21,1;63,4;22,6;35,6;21;10,21;66,3;26,1;6,1;1,4;0,1;6,78;2,66;0,62;0,14;0,01;249;9,4;10,2;0,23
33;Procyte Idexx;1;8,09;30,5;20,7;69,4;25,6;36,9;22,3;8,1;67,2;25;5;1,8;1;5,45;2,03;0,4;0,14;0,08;173;8,1;15,6;0,14
33;Procyte Idexx;2;7,93;30,7;20,5;68,7;25,8;37,6;21,2;8;67,3;24,8;4,9;1,6;1,4;5,39;1,99;0,39;0,12;0,11;172;8,3;15,7;0,14
34;DF-50;1;5,58;59,3;13,1;62,5;23,5;37,5;16,9;42,31;85,5;4,7;8,7;0,9;0,2;36,19;2;3,69;0,36;0,07;364;9,9;12,5;0,36
34;DF-50;2;5,68;59,2;13,2;62,1;23,2;37,4;16,5;43,41;85,4;5;8,5;0,9;0,2;37,03;2,19;3,71;0,41;0,07;386;11;14,2;0,42
34;Procyte Idexx;1;5,15;56,2;13,4;68;26,1;38,4;13,9;33,87;88,9;2,2;7,8;1;0,1;30,12;0,74;2,65;0,33;0,03;307;9,2;16,3;0,28
34;Procyte Idexx;2;5,16;54,5;13,6;68,3;26,4;38,7;13,9;34,81;88,4;2,2;8,3;1;0,1;30,78;0,77;2,89;0,34;0,03;312;9,7;16,2;0,3
35;DF-50;1;5,15;34,9;11,8;66,4;22,9;34,5;15,6;7,17;68,6;20,5;5,9;5;0;4,92;1,47;0,42;0,36;0;197;;;
35;DF-50;2;5,16;35,3;11,8;65,9;22,9;34,7;14,4;6,97;69,2;19,7;5,7;5,3;0,1;4,82;1,37;0,4;0,37;0,01;203;;;
35;Procyte Idexx;1;4,65;35;12;68,4;25,8;37,7;13,5;5,68;76,5;14;3,4;6;0,1;4,35;0,8;0,19;0,34;0;213;10,9;16;0,23
35;Procyte Idexx;2;4,65;35,2;12;68,6;25,7;37,5;13,5;5,5;77,1;14,5;2,5;5,7;0,2;4,25;0,8;0,13;0,31;0,01;203;11,2;15,7;0,23
36;DF-50;1;6,82;34,2;15,1;62,5;22,1;35,4;16,4;15,9;53,5;23,5;21,3;1,6;0,1;8,51;3,74;3,38;0,25;0,02;427;11,8;16,8;0,5
36;DF-50;2;6,85;34;15,2;62;22,2;35,8;16,4;15,89;53,4;23,9;20,8;1,8;0,1;8,5;3,79;3,3;0,29;0,01;439;12,2;17,8;0,53
36;Procyte Idexx;1;5,98;31,8;15,1;66,3;25,2;38,1;13,3;13,25;71,6;18,9;5,8;2,2;1,5;9,49;2,51;0,77;0,29;0,19;321;10,4;15,6;0,33
36;Procyte Idexx;2;6,03;31,9;15,3;66,4;25,3;38,1;13,3;13,43;71,2;19,5;5,2;2,2;1,9;9,57;2,62;0,7;0,29;0,25;314;10,4;15,7;0,33
37;DF-50;1;4,89;42,6;11,1;63,8;22,7;35,6;15,1;4,91;70,9;25,3;2,2;1,6;0;3,48;1,24;0,11;0,08;0;103;;;
37;DF-50;2;4,9;42,5;11,1;64,1;22,7;35,4;15,1;5,02;67,7;28,1;2,4;1,8;0;3,4;1,41;0,12;0,09;0;97;;;
37;Procyte Idexx;1;4,4;39,6;11;66,7;25;37,6;13;3,94;77;17,7;3;2,2;0,1;3,04;0,7;0,12;0,08;0;119;11,5;15,8;0,14
37;Procyte Idexx;2;4,45;40,1;11,1;66,6;25;37,6;13;3,61;77,8;17,8;1,9;2,3;0,2;3,05;0,7;0,07;0,09;0;114;11,7;15,78;0,13
38;DF-50;1;4,6;31,2;11,3;70,4;24,6;34,9;14,3;8,91;78;10,7;8,3;2,7;0,3;6,95;0,95;0,74;0,24;0,03;362;11,4;14,3;0,41
38;DF-50;2;4,6;31,4;11,4;71,1;24,8;34,9;14,3;8,59;78,1;11,2;8;2,6;0,1;6,71;0,96;0,69;0,22;0,01;359;11,3;14,2;0,41
38;Procyte Idexx;1;4,16;29,3;11,4;73,9;27,5;37,2;12,3;6,72;81,1;9,4;6,6;2,8;0,1;5,45;0,64;0,45;0,18;0;318;10,5;16,1;0,33
38;Procyte Idexx;2;4,14;26,9;11,4;74;27,6;37,3;12,4;6,87;81,1;9,4;6,4;2,9;0,2;5,58;0,65;0,44;0,19;0,01;315;10,5;16;0,33
39;DF-50;1;5,48;32,7;10,9;56,6;19,9;35,2;21,8;15,18;49,4;38,3;9,9;1,8;0,6;7,49;5,82;1,51;0,27;0,09;453;10,2;13,8;0,46
39;DF-50;2;5,55;32,4;11;56,2;19,8;35,3;22,3;14,67;51;37,2;9,8;1,8;0,2;7,48;5,46;1,44;0,26;0,03;444;;;
39;Procyte Idexx;1;4,88;30,7;11,2;60,7;22,9;37,7;16;12,89;56,8;35,4;4,5;2,1;1,2;7,33;4,56;0,58;0,27;0,15;350;10,3;15,2;0,36
39;Procyte Idexx;2;4,96;30,6;11,2;60,7;22,6;37,3;16,1;12,51;57;34;5,6;2;1,4;7,14;4,25;0,7;0,25;0,17;365;10,6;15,1;0,39
40;DF-50;1;3,63;31;8,2;74,4;22,6;30,4;21;30,66;75,9;9,1;14,9;0;0,1;23,25;2,8;4,58;0,01;0,02;1243;10,8;14,6;1,34
40;DF-50;2;3,6;31,2;8,7;74,4;22,8;30,6;21,1;29,63;78;7,2;14,7;0;0,1;23,11;2,12;4,35;0,01;0,04;1229;10,6;14,4;1,3
40;Procyte Idexx;1;3,3;29,7;8,4;74,8;25,4;33,9;;22,43;84,1;1,6;13,9;0,3;0,1;18,87;0,36;3,12;0,06;0,1;1100;9,3;16,3;1,03
40;Procyte Idexx;2;3,32;30,1;8,5;75;25,6;34,1;;22,88;83,7;1,7;14,3;0,2;0,1;19,16;0,38;3,28;0,04;0,02;1119;9,6;16,3;1,07
41;DF-50;1;6,6;40,3;14,5;61,1;22;36;17,5;9,22;71,5;14,9;12,5;0,9;0,2;6,6;1,37;1,15;0,08;0,02;234;8,3;9,6;0,2
41;DF-50;2;6,6;40,3;14,4;61,1;21,8;35,7;17,4;9,33;70,9;15,6;12,5;0,9;0,1;6,61;1,46;1,17;0,08;0,01;231;8,5;9,7;0,2
41;Procyte Idexx;1;5,79;37,7;14,2;65,1;24,5;37,6;14,1;6,08;75,2;12,8;8,4;2,4;1,2;4,58;0,78;0,51;0,14;0,07;185;7,4;15,9;0,14
41;Procyte Idexx;2;5,79;37,8;14,2;65,3;24,6;37,6;14;6,41;74,6;13,5;8,5;2,1;1,3;4,79;0,87;0,54;0,13;0,08;184;7,6;16;0,14
42;DF-50;1;7,43;47,1;16,6;63,4;22,3;35,2;19,1;10,98;57,5;25,6;4,6;12,2;0,1;6,31;2,81;0,51;1,34;0,01;426;8,4;10,1;0,36
42;DF-50;2;7,36;46,7;16,5;63,5;22,4;35,3;18,7;10,78;59,7;24,7;3,9;11,6;0,1;6,44;2,66;0,42;1,25;0,01;410;8,3;9,6;0,34
42;Procyte Idexx;1;6,38;42,6;16,3;66,7;25,5;38,2;13,7;8,65;59,4;23,7;4,2;12,6;0,1;5,14;2,06;0,36;1,09;0;288;7,7;16;0,22
42;Procyte Idexx;2;6,42;42,9;16,2;66,7;25,2;37,8;13,8;8,53;60,4;22,8;4,3;12,4;0,1;5,16;1,95;0,36;1,06;0;294;7,9;16,1;0,23
43;DF-50;1;5,04;31,2;11,5;61,9;22,8;36,9;14,3;23,56;24,5;62,9;12,6;0;0;5,75;14,82;2,98;0,01;0;43;;;
43;DF-50;2;5,09;31,5;11,6;61,9;22,8;36,8;14,2;23,55;0,9;84,5;14,5;0;0,1;0,18;19,91;3,42;0,01;0,03;39;;;
43;Procyte Idexx;1;4,48;29,2;11,6;65,2;25,8;39,5;12,4;18,48;89,6;5,4;3,2;0,8;1;16,56;1;0,6;0,14;0,18;47;8,9;15,7;0,04
43;Procyte Idexx;2;4,51;29,5;11,7;65,3;26;39,8;12,4;18,7;89,6;5,6;3;0,7;1,1;16,76;1,05;0,56;0,13;0,2;50;9,2;15,7;0,05
44;DF-50;1;8,23;52,8;18,5;63,4;22,2;35;19,5;9,16;72,9;12,1;7,2;7,5;0,3;6,67;1,11;0,66;0,69;0,03;397;9,9;11,6;0,39
44;DF-50;2;8,33;51,8;18,5;62,9;22,5;35,7;19,6;9,29;74;11,9;6,5;7,3;0,3;6,87;1,11;0,6;0,68;0,03;395;9,8;12,1;0,39
44;Procyte Idexx;1;7,08;47,4;18,1;66,9;25,6;38,2;18,8;6,73;75,8;9,4;6,7;8;0,1;5,11;0,64;0,45;0,53;0;265;9,1;15,8;0,24
44;Procyte Idexx;2;7,03;47,1;18;66,9;25,7;38,3;18,9;6,55;75,7;9,9;6,8;7,5;0,1;4,96;0,65;0,44;0,5;0;261;9;15,7;0,24
45;DF-50;1;5,93;38,7;13,4;65,3;22,6;34,6;15,1;17,06;84,6;9,6;5,6;0,1;0,1;14,45;1,63;0,95;0,02;0,01;202;8,6;10,5;0,17
45;DF-50;2;5,91;38,9;13,4;65,8;22,7;34,4;15,3;16,68;85,6;9,7;4,6;0,1;0;14,28;1,61;0,77;0,02;0;184;7,9;9,2;0,15
45;Procyte Idexx;1;5,21;35,1;13,2;67,4;25,2;37,4;13;12,42;87,7;7,5;4,4;0,2;0,2;10,9;0,94;0,54;0,02;0,02;171;7,6;16,1;0,13
45;Procyte Idexx;2;5,19;35;13;67,4;25;37,1;13,1;12,15;88,3;7,2;4,2;0,2;0,1;10,73;0,88;0,51;0,02;0,01;168;7,4;16,3;0,12
46;DF-50;1;3,27;23;7,5;70,3;22,9;32,6;33,2;30,09;66,6;19,1;11,7;2,5;0,1;20,04;5,76;3,52;0,74;0,03;993;10,2;14,2;1,01
46;DF-50;2;3,26;22,8;7,5;69,9;23;32,9;33,1;29,2;68,5;16,9;12;2,5;0,1;20,03;3,49;3,49;0,72;0,03;1011;10,3;14;1,04
46;Procyte Idexx;1;2,95;21,2;7,8;72;26,4;36,7;;24,41;68,2;14,3;12,9;2,7;1,9;16,65;3,5;3,15;0,65;0,46;1043;9,4;15,4;0,98
46;Procyte Idexx;2;2,94;21;7,7;71,6;26,1;36,5;;24,4;68,8;11,7;14,8;2,7;2;16,54;2,82;3,56;0,64;0,48;1027;9,3;15,3;0,96
47;DF-50;1;5,76;38,2;13,3;66,3;23,1;34,8;15,6;15,68;57,7;30;10,5;1,7;0,1;9,05;4,71;1,64;0,27;0,01;56;;;
47;DF-50;2;5,73;38,7;13,3;65,8;23,2;35,3;15,5;16;58,2;29;10,8;1,9;0,1;9,32;4,64;1,72;0,3;0,02;66;;;
47;Procyte Idexx;1;5,19;36,2;13,6;69,8;26,1;37,5;13,3;13,6;65,8;24,1;7,8;1,7;0,6;8,95;3,28;1,06;0,23;0,08;52;9,2;15,9;0,05
47;Procyte Idexx;2;5,15;35,9;13,4;69,7;26;37,3;13,4;13,38;64,7;24,2;8,9;1,7;0,5;8,66;3,24;1,2;0,22;0,06;58;9,6;15,8;0,06
48;DF-50;1;7,64;46,5;17;60,9;22,3;36,6;18,7;17,88;66,6;11,7;18,1;3,4;0,2;11,93;2,09;3,23;0,6;0,03;156;10,2;12,5;0,16
48;DF-50;2;7,6;45,9;17;60,4;22,4;37;18,7;17,94;66,5;11,8;17,9;3,6;0,2;11,93;2,11;3,22;0,65;0,03;173;11,1;13,5;0,19
48;Procyte Idexx;1;6,59;43;16,9;65,3;25,7;39,3;16,8;14,69;71,4;9,7;15,3;3,3;0,3;10,49;1,43;2,25;0,48;0,04;132;9,1;15,4;0,12
48;Procyte Idexx;2;6,65;43,5;17;65,4;25,6;39,1;16,8;14,4;72,4;9,3;14,6;3,4;0,3;10,43;1,34;2,11;0,48;0,04;145;9,4;15,6;0,14
49;DF-50;1;2,72;18;6,5;65,7;23,7;36,1;17,3;33,08;2,4;62,9;33,5;0,1;1,1;0,82;20,8;11,07;0,02;0,37;110;10,9;18,1;0,12
49;DF-50;2;2,74;18;6,4;66,2;23,5;35,6;17,5;31,54;25,7;43;31,2;0,1;0;8,11;13,56;9,85;0,02;0;110;10,6;15,7;0,12
49;Procyte Idexx;1;2,57;17,8;6,8;69,3;26,3;38;14,3;23,49;85,6;2,9;9,3;1,6;0,6;20,11;0,68;2,19;0,37;0,14;122;9,6;17,1;0,12
49;Procyte Idexx;2;2,62;18,1;6,8;69;26,1;37,8;14,2;23,36;86;3,2;9,4;0,9;0,5;20,09;0,75;2,2;0,21;0,11;127;9,8;17,1;0,12
50;DF-50;1;7,62;49,1;17,4;64,4;22,8;35,4;18,1;8,82;54,4;34;5,3;6,2;0,1;4,79;3;0,47;0,55;0,01;209;8,9;10,1;
50;DF-50;2;7,77;49,8;17,6;64,1;22,7;35,3;18,7;8,58;52,9;35,4;5;6,2;0,5;4,54;3,04;0,43;0,53;0,04;224;9,1;10,3;
50;Procyte Idexx;1;6,86;46,6;17,7;67,7;25,8;38,1;16,1;6,86;54,5;34,4;4,4;6,5;0,2;3,74;2,36;0,3;0,45;0,01;173;8,6;16;0,15
50;Procyte Idexx;2;6,82;46;17,6;67,4;25,9;38,3;16,1;7,32;55,4;34;4,8;5,7;0,1;4,06;2,49;0,35;0,42;0;166;8,4;16;0,14
51;DF-50;1;5,64;36,5;12,7;64,7;22,5;34,8;15,6;14,27;50,4;35;10,4;4,1;0,1;7,2;5;1,48;0,58;0,01;373;9,5;11,4;0,36
51;DF-50;2;5,62;36,4;12,6;64,8;22,4;34,6;15,5;14,14;50,4;35,2;9,9;4,4;0,1;7,13;4,98;1,4;0,62;0,01;382;9,5;11,8;0,36
51;Procyte Idexx;1;5,13;34,7;13;67,7;25,3;37,4;13,1;12,2;54;31,8;9;4,3;0,9;6,59;3,88;1,1;0,53;0,1;300;8,6;15,5;0,26
51;Procyte Idexx;2;5,12;34,7;12,9;67,7;25,1;37,1;13,2;11,86;53,2;32,1;9;5;0,7;6,31;3,81;1,07;0,59;0,08;305;8,7;15,6;0,27
52;DF-50;1;5,68;32,1;12;56,2;21;37,4;23;16,83;79,4;11,5;8,6;0,5;0;13,36;1,93;1,45;0,09;0;507;10;13,9;0,5
52;DF-50;2;5,71;32,2;11,9;56,7;21;37;23;16,92;76;14,3;9,2;0,5;0;12,86;2,42;1,56;0,08;0;506;9,7;13,1;0,49
52;Procyte Idexx;1;5,03;31;12,1;31;61,7;24;39;11,32;93,8;2,1;2,5;1,1;0,5;10,62;0,24;0,29;0,12;0,05;393;8,8;15,5;0,35
52;Procyte Idexx;2;5,05;31;12,2;61,5;24,1;39,2;17;11,73;93,4;2;2,7;1,3;0,6;10,96;0,23;0,32;0,15;0,07;4,4;8,8;15,4;0,36
53;DF-50;1;4,82;29,9;11,1;62;23;37,1;14,4;33,98;79,7;13,6;6,5;0,1;0,1;27,1;4,61;2,2;0,03;0,04;90;;;
53;DF-50;2;4,92;30,4;11,3;61,8;23;37,2;14,4;33,75;79,9;14;5,9;0,1;0,1;26,95;4,71;1,99;0,05;0,05;100;;;
53;Procyte Idexx;1;4,43;29,1;11,3;65,6;25,6;38,9;12,5;26,7;89,1;6,9;2,9;0,6;0,5;23,8;1,85;0,77;0,16;0,13;82;9,5;15,5;0,08
53;Procyte Idexx;2;4,43;29,1;11,4;65,7;25,8;39,2;12,4;26,91;88,6;7;3,3;0,6;0,5;23,85;1,89;0,88;0,16;0,13;91;10,5;16,1;0,1
54;DF-50;1;3,92;24,8;8,8;63,3;22,4;35,5;15,1;45,41;73,9;15,9;10;0,1;0,1;33,56;7,22;4,53;0,05;0,05;214;;;
54;DF-50;2;3,94;24,8;8,8;62,9;22,3;35,5;15,1;44,58;80,4;9,9;9,4;0,1;0,2;35,83;4,43;4,21;0,03;0,08;219;;;
54;Procyte Idexx;1;3,72;25;9,2;67,1;24,9;37,1;13;37,14;86,2;3,3;9,9;0,4;0,2;32,02;1,23;3,68;0,14;0,07;212;11,1;16,4;0,24
54;Procyte Idexx;2;3,7;24,8;9,3;67;25,1;37,4;13,1;38,82;85,9;3,3;10,3;0,3;0,2;33,35;1,29;4;0,11;0,07;207;11,1;16,4;0,23
55;DF-50;1;5,91;40,2;14;68;23,7;34,8;20,2;45;81,3;9,4;8,9;0,3;0,1;36,57;4,25;4;0,05;0,04;690;11,3;14,8;0,78
55;DF-50;2;5,91;39,9;14;67,5;23,78;35,1;19,8;44,09;82,6;8,3;8,8;0,2;0,1;36,38;3,66;3,9;0,03;0,04;669;11,4;15;0,76
55;Procyte Idexx;1;5,29;37,3;14,1;70,6;26,7;37,8;14,9;33,7;85;5,1;9,2;0,5;0,2;28,65;1,72;3,11;0,14;0,06;537;10,2;15,9;0,55
55;Procyte Idexx;2;5,38;38;14,3;70,8;26,6;37,6;15;34,24;85;5,4;8,8;0,7;0,1;29,11;1,85;3,02;0,11;0,03;538;10,2;15,9;0,55
56;DF-50;1;4,9;34,3;12,1;70;24,7;35,3;14,5;7,91;74,7;13,1;8,3;3;0,9;5,9;1,04;0,66;0,14;0,07;357;9,2;11,3;0,33
56;DF-50;2;4,95;34,5;12,1;69,7;24,4;35,1;14,5;8,06;74,5;13;8,6;3,2;0,7;6;1,05;0,69;0,11;0,06;368;9,5;11,6;0,35
56;Procyte Idexx;1;4,62;33,7;12,2;73;26,4;36,1;12,8;6,34;76,8;12,3;7,5;3,3;0,1;4,87;0,78;0,48;0,16;0;328;8,8;15,7;0,29
56;Procyte Idexx;2;4,57;33,4;12,4;73,1;27,1;37,1;12,7;6,41;77,1;11,5;8;3,2;0,2;4,95;0,74;0,51;0,23;0,01;310;8,7;15,6;0,27
57;DF-50;1;7,61;46,1;16,1;60,6;21,2;34,9;21,3;9,6;66,8;19,4;10,4;3,1;0,3;6,41;1,86;1;0,24;0,03;409;10,5;14,2;0,43
57;DF-50;2;7,57;46;16;60,8;21,1;34,8;21,4;9,89;65,2;20,1;11,3;2,7;0,7;6,44;1,99;1,12;0,26;0,07;389;10,2;13,5;0,4
57;Procyte Idexx;1;6,73;43,5;16,1;64,6;23,9;37,1;14,8;7,66;71;16,6;9,5;2,5;0,4;5,44;1,3;0,72;0,21;0,03;291;9,2;15,7;0,27
57;Procyte Idexx;2;6,84;44,2;16,3;64,6;23,8;36,8;17,1;7,57;69,8;16,8;9,9;3,1;0,4;5,29;1,28;0,74;0,2;0,03;286;9,2;15,6;0,26
58;DF-50;1;7,66;49,9;17,3;65,1;22,6;34,7;18,7;7,16;70,8;16,7;6,3;5,9;0,1;5,07;1,21;0,45;0,3;0,01;241;9,5;11,7;0,23
58;DF-50;2;7,7;49,8;17,2;64,7;22,3;34,5;19,1;7,18;69,8;15,6;7,1;6,4;1,1;5,01;1,12;0,51;0,27;0,08;249;9,9;11,31;0,25
58;Procyte Idexx;1;6,87;46,6;17,1;67,9;25;36,8;13,7;5,74;72,7;13,9;6,4;6,6;0,4;4,18;0,8;0,36;0,19;0,02;193;8,9;15,7;0,17
58;Procyte Idexx;2;6,87;46,7;17,2;68;25;36,7;13,4;5,75;73,1;13,6;6,4;6,2;0,7;4,21;0,79;0,36;0,23;0,04;186;8,78;15,5;0,16
59;DF-50;1;5,24;31,6;11,3;60,3;21,6;35,8;15,4;5,2;78,4;9,4;11,2;1;0;4,08;0,49;0,58;0,42;0;45;;;
59;DF-50;2;5,15;31,2;11,1;60,6;21,6;35,6;15,6;5,6;79,9;9,6;9,6;0,9;0;4,47;0,54;0,54;0,46;0;39;;;
59;Procyte Idexx;1;4,69;30,2;11,4;64,3;24,3;37,8;13;4,73;83,9;8,5;5,6;1,9;0,1;3,97;0,41;0,27;0,38;0;71;9,2;16;0,07
59;Procyte Idexx;2;5,11;32,9;12,2;64,5;23,9;37,1;13;4,06;83,8;9,7;4,8;1,6;0,1;3,41;0,4;0,19;0,35;0;67;8,8;15,7;0,06
60;DF-50;1;6,08;36,2;12,6;59,5;20,7;34,8;17,3;11,62;54,6;30,6;7,8;6,3;0,7;6,34;3,56;0,91;0,05;0,08;442;8,7;10,5;0,38
60;DF-50;2;6,03;36;12,7;59,7;21,1;35,3;17,2;11,42;54;31,3;7,8;6,7;0,2;6,17;3,57;0,89;0,05;0,02;415;8,5;9,7;0,5
60;Procyte Idexx;1;5,35;33,7;12,6;62,9;23,6;37,6;13,9;8,81;56,4;29,1;6,5;7,3;0,7;4,97;2,57;0,57;0,08;0,06;3,17;8,5;15,9;0,27
60;Procyte Idexx;2;5,36;33,6;12,7;67,2;23,6;37,7;13,8;8,4;56,2;28,8;7;7,2;0,8;4,73;2,42;0,58;0,06;0,06;333;8,6;15,9;0,29
61;DF-50;1;7,3;48,9;17,5;67;24;35,8;19,2;9,79;71,7;14;10;4,3;0;7,16;1,37;0,98;0,73;0;396;8,9;10,4;0,35
61;DF-50;2;7,34;49,4;17,6;67,3;24;35,6;18,9;9,88;72,5;13,2;9,9;4,1;0,3;7,02;1,3;0,98;0,77;0,03;384;8,8;10,1;0,34
61;Procyte Idexx;1;6,52;46,8;17,6;71,7;27;37,7;13,3;7,73;76,7;10,9;8,4;3,6;0,4;5,93;0,85;0,65;0,64;0,03;267;8,2;16,2;0,22
61;Procyte Idexx;2;6,49;46,6;17,6;71,8;27;37,7;13,3;7,71;77;10,2;8,4;4;0,4;5,94;0,79;0,65;0,61;0,03;267;8,1;16,2;0,22
62;DF-50;1;5,89;38,8;14,2;65,9;24,1;36,6;16,3;19,69;77,9;11,1;7,7;3,2;0,1;15,33;2,19;1,52;0,63;0,02;268;8,2;8,9;0,22
62;DF-50;2;5,91;39,2;14,1;66,3;23,9;36;16,8;18,97;77,7;11,6;7,4;3,1;0,1;14,74;2,21;1,41;0,59;0,02;281;8;8,4;0,22
62;Procyte Idexx;1;5,34;37,8;14,3;70,8;26,7;37,7;13,5;14,57;80,8;9,4;6,5;3;0,3;11,78;1,37;0,95;0,43;0,04;229;7,4;16,2;0,17
62;Procyte Idexx;2;5,36;38;14,4;70,8;26,8;37,9;13,4;14,21;80,8;9,6;6,8;2,7;0,1;11,49;1,37;0,96;0,38;0,01;229;7,6;16,2;0,18
63;DF-50;1;6,93;46;16,3;66,4;23,5;35,4;17,5;0,29;48,1;30,8;8,4;12,6;0,1;0,15;0,1;0,04;0,06;0;367;10,3;13,5;0,03
63;DF-50;2;6,92;45,8;16,3;66,2;23,6;35,6;17,1;0,29;48,8;30,8;8,4;11,7;0,3;0,15;0,09;0,04;0,06;0;365;10,5;13,6;0,03
63;Procyte Idexx;1;6,18;42,8;16,3;69,3;26,5;38,2;13;5,57;50,3;28,3;6,5;13,4;1,5;2,81;1,58;0,36;0,74;0,08;266;9,7;15,9;0,26
63;Procyte Idexx;2;6,24;43,3;16,5;69,5;26,5;38,1;13,1;5,68;49,3;28,8;6,1;13,8;2;2,81;1,64;0,34;0,78;0,11;278;9,6;15,9;0,27
64;DF-50;1;7,59;51,2;17,4;67,5;22,9;34;18,7;8,36;46,2;43,4;5,9;4,4;0,1;3,86;3,63;0,49;0,37;0,01;501;9,37;12,1;0,48
64;DF-50;2;7,75;51,4;17,9;66,3;23,1;34,8;18,8;8,22;44,3;44,8;5,7;5,1;0,1;3,64;3,68;0,47;0,42;0,01;485;9,8;11,9;0,48
64;Procyte Idexx;1;6,67;46,3;17,5;69,4;26,2;37,8;13,1;6,95;50;41,2;3,4;5,1;0,3;3,48;2,87;0,23;0,35;0,02;352;8,6;15,8;0,3
64;Procyte Idexx;2;6,69;46,5;17,6;69,5;26,3;37,8;13,1;7,15;48,9;41,5;5,1;4,3;0,2;3,5;2,97;0,37;0,3;0,01;340;8,6;15,8;0,29
65;DF-50;1;7,48;46,4;16;62;21,4;34,5;18,7;8,52;41,7;32,7;25,4;0,2;0;3,55;2,79;2,16;0,02;0;280;;;
65;DF-50;2;7,5;46,7;16;62,3;21,3;34,3;18,9;8,41;48,7;26,9;24;0,4;0;4,1;2,26;2,02;0,03;0;304;;;
65;Procyte Idexx;1;6,64;43,5;16,2;65,5;24,4;37,2;13,5;7,01;77,2;4,2;17,6;0,5;0,5;5,42;0,29;1,24;0,03;0,03;201;10,5;15,4;0,21
65;Procyte Idexx;2;6,58;43,3;16,1;65,8;24,4;37,1;13,5;7,12;76,1;4;18,3;0,7;0,9;5,42;0,29;1,31;0,04;0,06;229;11,1;15,5;0,26
66;DF-50;1;7,1;44,7;16,1;63,8;23;36;16,5;5,53;59;32,9;3,8;4,3;0;3,26;1,82;0,21;0,24;0;206;9,1;11,9;0,19
66;DF-50;2;6,98;44;16,1;63;23,1;36,6;16,2;5,74;57,8;33,1;4,7;4,2;0,2;3,32;1,9;0,27;0,24;0,01;219;9,7;11,5;0,21
66;Procyte Idexx;1;6,25;41,9;16,1;67;25,7;38,4;13;4,55;61,2;30,2;4,2;4;0,4;2,79;1,38;0,19;0,18;0,01;172;8,3;15,7;0,14
66;Procyte Idexx;2;6,32;42,3;16,4;67;25,9;38,7;13;4,55;60,7;30,3;4,5;4,2;0,3;2,77;1,38;0,2;0,19;0;177;8,3;15,8;0,15
67;DF-50;1;6,11;40,5;14,2;66,3;23,2;35,1;17,1;21,13;71,1;19,5;5,9;3,5;0;15,03;4,12;1,24;0,74;0;954;10,6;13,4;1,01
67;DF-50;2;6,18;41;14,3;66,3;23,1;34,9;17,4;21,11;71,2;19,3;5,7;3,7;0,1;15,03;4,07;1,2;0,79;0,02;934;10,3;13,1;0,96
67;Procyte Idexx;1;5,6;39;14,7;69,7;26,2;37,6;13,1;17,16;76,6;15,9;3,8;3,5;0,2;13,15;2,73;0,65;0,6;0,03;680;9,6;16,1;0,65
67;Procyte Idexx;2;5,57;38,7;14,6;69,4;26,2;37,7;13,1;16,96;75,7;15,8;5,2;3,1;0,2;12,84;2,68;0,89;0,52;0,03;675;9,7;16,1;0,65
68;DF-50;1;6,5;43,1;15;66,3;23,1;34,8;16,2;16,41;71;19,1;8,2;1,6;0,1;11,64;3,14;1,35;0,27;0,01;236;9,1;10,2;0,21
68;DF-50;2;6,6;43,7;15,1;66,2;22,9;34,6;16,8;16,69;72,3;19;7,8;0,8;0,1;12,07;3,17;1,3;0,13;0,02;225;8,9;10,8;0,2
68;Procyte Idexx;1;5,72;39,4;15;68,8;26,3;38,2;13;13,61;75,5;15,9;6,5;1,9;0,2;10,28;2,1;0,89;0,25;0,02;187;8,1;15,9;0,15
68;Procyte Idexx;2;5,8;40,1;15,1;69,1;26;37,6;13;13,21;79,3;15,8;2,8;1,9;0,2;10,48;2,09;0,37;0,25;0,02;187;8;15,6;0,15
69;DF-50;1;7,43;44,7;15,7;60,2;21,1;35,1;17,6;5,79;54,7;23,3;8,5;12,6;0,9;3,17;1,35;0,49;0,73;0,05;403;9,5;11,1;0,38
69;DF-50;2;7,5;45,4;15,9;60,5;21,2;35;17,2;5,63;53,6;25,2;8;12,8;0,4;3,02;1,42;0,45;0,72;0,02;406;9,4;11,8;0,38
69;Procyte Idexx;1;6,47;40,6;15,6;62,8;24,1;38,4;13,1;4,61;55,7;23,4;6,8;14;0,1;2,57;1,08;0,31;0,65;0;279;8,4;15,7;0,23
69;Procyte Idexx;2;6,58;41,4;15,9;63;24,1;38,3;13,2;4,92;55,2;24,5;6,4;13,8;0,1;2,72;1,21;0,31;0,68;0;289;8,7;15,8;0,25
70;DF-50;1;6,6;45,2;16,2;68,5;24,5;35,8;15,4;20,79;88,3;7,2;4,2;0,3;0;18,36;1,49;0,87;0,06;0,01;476;11,9;15,4;0,56
70;DF-50;2;6,59;45,4;16,2;68,9;24,6;35,7;15,8;20,38;86,6;9,1;4,1;0,2;0;17,63;1,86;0,84;0,04;0,01;473;11,4;15,3;0,54
70;Procyte Idexx;1;5,92;43,4;16,2;73,4;27,4;37,3;13,4;15;92,5;3,3;3,5;0,6;0,1;13,88;0,49;0,53;0,09;0,01;350;10,6;16;0,37
70;Procyte Idexx;2;5,92;43,5;16,3;73,2;27,4;37,5;13,2;14,51;93,2;3,1;3,3;0,3;0,1;13,53;0,45;0,48;0,04;0,01;347;10,7;15,8;0,37
71;DF-50;1;7,41;43,3;15;58,4;20,2;34,6;19,8;9,19;80,6;7,5;5,7;6;0,2;7,41;0,69;0,52;0,55;0,02;321;10,8;14,7;0,35
71;DF-50;2;7,34;42,8;14,9;58,3;20,3;34,8;19,7;9,32;80,9;8;5,4;5,3;0,4;7,54;0,75;0,5;0,49;0,04;306;11;15,2;0,34
71;Procyte Idexx;1;6,43;40;14,8;62,2;23;36,9;14;7,16;83,6;6,3;4,1;5,9;0,1;5,99;0,46;0,29;0,42;0;248;10,1;15,6;0,25
71;Procyte Idexx;2;6,38;39,7;14,7;62,2;23,1;37,1;14;7,61;83,5;5,9;4,7;5,7;0,2;6,36;0,45;0,35;0,44;0,01;255;10,1;15,4;0,26
72;DF-50;1;7,73;50,4;17,4;65,2;22,5;34,5;20;7,37;67;21,6;6,5;4,6;0,3;4,94;1,59;0,48;0,34;0,02;286;9,5;11,6;0,27
72;DF-50;2;7,83;50,6;17,6;64,6;22,5;34,8;19,8;7,22;68,4;20,1;7,2;4,2;0,1;4,94;1,45;0,52;0,3;0,01;284;9,5;12,2;0,27
72;Procyte Idexx;1;6,91;47,3;17,6;68,4;25,4;37,2;16;5,72;69,7;19,3;6;4,9;0,1;3,99;1,11;0,34;0,28;0;217;8,8;16,1;0,19
72;Procyte Idexx;2;6,93;47,4;17,6;68,4;25,4;37,2;16,5;5,76;70,4;19,2;6,6;3,7;0,1;4,06;1,11;0,38;0,21;0;208;8,5;15,7;0,18
73;DF-50;1;7,56;48,3;17,6;63,9;23,3;36,4;19,5;12,1;73,2;13,8;5;7,9;0,1;8,86;1,67;0,6;0,96;0,01;480;8,6;9,7;0,41
73;DF-50;2;7,68;48,7;17,6;63,4;22,9;36,1;19,5;12,27;73,6;12,6;5,4;7,7;0,7;9,05;1,54;0,66;0,94;0,08;498;8,8;9,8;0,44
73;Procyte Idexx;1;6,84;47,4;18;69,4;26,3;37,9;17,8;10,07;76;11,7;4,2;7,6;0,5;7,66;1,18;0,42;0,76;0,05;342;7,9;16;0,27
73;Procyte Idexx;2;6,78;47;17,9;69,4;26,5;38,1;14,8;9,95;74,9;11,9;4,3;8,1;0,8;7,46;1,19;0,42;0,81;0,07;352;7,8;15,9;0,27
74;DF-50;1;5,83;39,5;14;67,8;24;35,4;18,3;52,42;98,1;4,1;5;1,6;0,2;46,7;2,15;2,62;0,83;0,12;332;10,9;13,3;0,36
74;DF-50;2;5,84;39,4;14;67,5;24;35,5;18,2;52,23;88,9;4,2;5,1;1,6;0,2;46,44;2,18;2,67;0,81;0,13;340;11,4;14,3;0,39
74;Procyte Idexx;1;5,31;37,9;14,4;71,4;27,2;38,1;14,2;39,72;91,7;1,8;5,1;1,3;0,1;36,43;0,72;2,03;0,51;0,03;286;10,5;15,6;0,3
74;Procyte Idexx;2;5,27;37,7;14,2;71,4;26,8;37,6;14;38,4;91,8;1,8;4,8;1,5;0,1;35,26;0,69;1,85;0,57;0,03;279;10,6;15,5;0,3
75;DF-50;1;6,49;43,7;14,8;67,3;22,8;33,9;16;13,87;50,4;39,4;6,3;3,8;0,1;6,98;5,46;0,88;0,53;0,02;253;8,5;9,6;0,21
75;DF-50;2;6,49;43,6;14,8;67,2;22,8;33,9;16,3;14,41;49,7;39,8;6,2;4;0,3;7,18;5,73;0,89;0,57;0,04;254;9,1;10,9;0,23
75;Procyte Idexx;1;5,76;40,2;14,8;69,7;25,6;36,7;13,2;11,62;52,2;37,3;5,3;4,7;0,5;6,07;4,34;0,62;0,54;0,05;210;8,6;16,3;0,18
75;Procyte Idexx;2;5,81;40,6;14,8;69,8;25,6;36,6;13,3;11,42;51,5;37,9;5;4,9;0,7;5,89;4,33;0,58;0,55;0,07;211;8,4;16;0,18
76;DF-50;1;6,88;43,1;15,8;62,6;23;36,7;17,6;7,04;75,1;14,1;8,9;1,8;0,1;5,28;0,99;0,63;0,13;0,01;379;9,1;10,9;0,35
76;DF-50;2;6,95;43,4;15,9;62,4;22,9;36,6;17,6;7,04;74,6;13,6;9,7;1,7;0,4;5,25;0,96;0,68;0,12;0,03;400;9,2;10,8;0,37
76;Procyte Idexx;1;6,18;41,7;16,1;67,5;26,1;38,6;13,1;5,83;76,8;11,9;8,7;2,1;0,5;4,48;0,7;0,51;0,12;0,02;279;8,3;16,1;0,23
76;Procyte Idexx;2;6,23;42;16,1;67,4;25,8;38,2;13,1;5,62;77,8;11,1;8,3;2,5;0,3;4,38;0,63;0,46;0,14;0,01;286;8,4;16;0,24
77;DF-50;1;7,9;52,5;18,9;66,5;23,9;36;17,6;11,94;72,2;16,1;7,8;3,9;0;8,63;1,92;0,93;0,46;0;194;8,6;9,5;0,17
77;DF-50;2;7,91;52,2;18,9;66;23,9;36,2;17,7;12,08;72,6;15,4;7,7;4,2;0,1;8,77;1,86;0,93;0,51;0,01;196;9,2;11,1;0,18
77;Procyte Idexx;1;6,93;48,6;18,7;70,1;27;28,5;13,2;10,1;76,8;12;7;4;0,2;7,76;1,22;0,7;0,4;0,02;159;7,6;15,8;0,12
77;Procyte Idexx;2;6,99;49;18,8;70,1;26,8;38,3;15,1;10,12;76,3;12,5;6,8;4,2;0,2;7,73;1,27;0,68;0,42;0,02;153;8,2;15,9;0,13
78;DF-50;1;3,5;20,7;7,4;59,1;21,1;35,7;18,8;49,89;81,3;6,4;11,6;0,6;0,1;40,52;3,21;5,78;0,32;0,06;44;;;
78;DF-50;2;3,61;21,3;7,7;59;21,3;36,2;18,9;50,18;79,8;8;11,6;0,5;0,1;39,99;4,03;5,84;0,27;0,05;53;;;
78;Procyte Idexx;1;3,3;20,5;7,8;62,3;23,7;38,1;15,1;34,41;86,1;3,6;9,5;0,7;0,1;29,63;1,24;3,27;0,24;0,03;70;10,1;16,6;0,07
78;Procyte Idexx;2;3,28;20,4;7,8;62,2;23,9;38,5;14,9;34,42;85,7;4;9,2;0,9;0,2;29,5;1,38;3,17;0,31;0,06;65;9,6;16,4;0,06
79;DF-50;1;7,11;44,4;15,9;62,4;22,4;35,8;18,1;17,57;79;12,5;4,3;3,6;0,6;13,89;2,2;0,75;0,63;0,1;445;8,3;9,7;0,37
79;DF-50;2;7,16;44,3;16;61,9;22,3;36,1;18,5;18,36;79;12,6;3,9;3,7;0,8;14,51;2,31;0,72;0,68;0,14;450;8,3;9,8;0,37
79;Procyte Idexx;1;6,3;41,9;16,2;66,6;25,7;38,6;13,6;14,66;81,7;9,5;5;3,5;0,3;11,98;1,4;0,73;0,51;0,04;306;7,6;15,9;0,23
79;Procyte Idexx;2;6,34;42,2;16,2;66,6;25,5;38,3;13,7;14,28;81;9,9;4,8;3,9;0,4;11,57;1,42;0,69;0,55;0,05;308;7,6;15,9;0,23
80;DF-50;1;8,19;46,8;16,1;57,1;19,7;34,4;21,1;7,67;80,3;10,7;4,6;4,3;0,1;6,16;0,82;0,35;0,33;0,01;524;11,5;17;0,6
80;DF-50;2;8,22;46,7;16,2;56,8;19,7;34,7;21,1;7,73;79,5;10,5;4,7;5;0,3;6,15;0,81;0,36;0,39;0,02;508;11,4;16,1;0,58
80;Procyte Idexx;1;7,17;44;16,2;61,4;22,5;36,7;19,1;6,18;85,6;7,6;2,7;4;0,1;5,3;0,47;0,16;0,25;0;351;9,5;15,6;0,33
80;Procyte Idexx;2;7,1;43,5;16,1;61,3;22,7;36,9;19;6,08;84,9;8,1;2,4;4,4;0,2;5,17;0,5;0,14;0,26;0,01;360;9,6;15,7;0,35
81;DF-50;1;8,43;51,1;19,1;60,6;22,7;37,4;18,9;18,64;78,8;10,9;8,4;1,8;0,1;14,7;2,04;1,56;0,33;0,01;348;9,9;12,5;0,34
81;DF-50;2;8,53;51,6;19,5;60,5;22,9;37,8;18,9;19,09;78,6;10,7;8,6;2;0,1;14,99;2,04;1,65;0,39;0,02;355;9,8;12,4;0,35
81;Procyte Idexx;1;7,32;48,9;189;66,8;25,8;38,6;20,3;16,59;81,1;4,1;10,4;3,8;0,6;13,46;0,49;1,73;0,63;0,09;20;8,7;15,8;0,21
81;Procyte Idexx;2;7,39;49,6;19,1;67,2;25,9;38,5;20,4;16,67;80,7;4,2;10,9;3,8;0,4;13,46;0,7;1,82;0,63;0,06;232;8,8;15,8;0,2
82;DF-50;1;7,54;49,3;17,6;65,4;23,3;35,7;18,7;11,91;71,6;13,9;8;4,8;1,7;8,53;1,66;0,95;0,57;0,2;344;10,7;12,4;0,37
82;DF-50;2;7,53;49,1;17,8;65,2;23,6;36,3;18,5;12,08;73;13,7;8,2;4,9;0,2;8,82;1,66;0,99;0,59;0,02;349;10,5;12,4;0,37
82;Procyte Idexx;1;6,78;48;18;70,9;26,5;37,4;37,4;9,06;74,6;12,2;7,5;4,8;0,9;6,76;1,11;0,68;0,43;0,08;246;9,4;16,1;0,23
82;Procyte Idexx;2;6,73;7,6;18;70,8;26,7;37,8;13,3;9,01;74,5;12,1;7,2;5,3;0,9;6,72;1,1;0,64;0,47;0,08;248;9,3;16,1;0,23
83;DF-50;1;7,15;44,9;15,6;62,8;21,8;34,7;18;8,14;48,4;38,6;6,1;5,2;1,7;3,94;3,14;0,5;0,42;0,14;61;;;
83;DF-50;2;7,2;44,8;15,7;62,2;21,8;35;17,8;8,24;49;40,7;6,4;3,5;0,4;4,04;3,35;0,53;0,29;0,03;57;;;
83;Procyte Idexx;1;6,32;41,6;15,6;65,8;24,7;37,5;13,7;6,51;49,4;38,7;4,7;6,6;0,6;3,22;2,52;0,31;0,43;0,03;85;8,9;15,4;0,08
83;Procyte Idexx;2;6,36;42;15,7;66;24,6;37,3;13,6;6,4;48,7;39,2;4,5;7,1;0,5;3,12;2,51;0,28;0,46;0,03;87;9,2;15,3;0,08
84;DF-50;1;6,62;39,8;13,7;60,1;20,7;34,4;18,4;9,3;70,5;18,8;6,2;4,4;0,1;6,55;1,75;0,58;0,41;0,01;924;9,8;12,7;0,91
84;DF-50;2;6,64;39,7;13,9;59,8;20,9;35;19;9,49;71,5;17,3;6,3;4,7;0,2;6,78;1,64;0,6;0,45;0,02;935;10;13,1;0,94
84;Procyte Idexx;1;6,01;38,4;14,2;63,9;23,7;37;13,8;7,16;71,8;17,4;6,2;4,4;0,2;5,15;1,25;0,44;0,31;0,01;650;9,3;15,8;0,6
84;Procyte Idexx;2;6;38,4;14,2;64;23,7;37,1;13,9;7,29;70,9;18;5,9;5,1;0,1;5,17;1,32;0,43;0,37;0;653;9,7;15,8;0,63
85;DF-50;1;3,2;21,6;7,7;67,5;24,1;35,6;15,4;13,18;73;12,4;13,9;0,5;0,2;9,63;1,63;1,83;0,07;0,02;530;9,2;11,6;0,49
85;DF-50;2;3,24;21,8;7,8;67,3;24,1;35,8;15,3;13,17;71,4;12;15,9;0,5;0,2;9,41;1,58;2,09;0,06;0,03;540;9,6;12,4;0,52
85;Procyte Idexx;1;3,01;21,3;8;70,5;26,5;37,6;13,9;10,65;77,5;9;12,8;0,5;0,2;8,26;0,95;1,37;0,05;0,02;533;8,8;15,7;0,47
85;Procyte Idexx;2;30,1;21,2;8,1;70,4;27;38,4;13,6;10,6;79;8,9;11,6;0,4;0,4;8,38;0,94;1,23;0,04;0,01;537;9;15,7;0,46
86;DF-50;1;7,29;53,6;18,8;73,5;25,8;35,1;16,3;8,77;74;17,2;4,7;3,6;0,5;6,49;1,51;0,41;0,32;0,04;408;10,7;13,1;0,44
86;DF-50;2;7,23;52,9;18,7;73,2;25,9;35,3;16,3;8,69;76,3;15,9;4,5;3,2;0,1;6,63;1,38;0,39;0,28;0,01;384;10,6;13;0,41
86;Procyte Idexx;1;6,59;50,9;19;77,2;28,7;37,2;12,7;7,2;77,8;14,3;4,5;3,2;0,2;5,61;1,03;0,32;0,23;0,01;275;9,6;16;0,26
86;Procyte Idexx;2;6,59;50,9;18,8;77,3;28,5;36,9;12,7;6,98;79,8;13,9;2;4,1;0,2;5,58;0,98;0,13;0,28;0,01;287;9,8;16,1;0,28
87;DF-50;1;7,05;50,4;17,5;71,5;24,8;34,7;16,7;9,93;61,3;29,5;6;2,6;0,6;6,08;2,93;0,6;0,26;0,06;341;10,3;12,4;0,35
87;DF-50;2;7,11;50,5;17,5;71;24,6;34,7;16,4;9,94;60,7;29;6,4;2,6;1,3;6,03;2,88;0,64;0,26;0,13;341;10,1;12,8;0,35
87;Procyte Idexx;1;6,45;48,3;17,7;74,88;27,4;36,6;13,3;7,99;63,5;27;6,2;2,6;0,7;5,08;2,16;0,5;0,2;0,05;247;9,3;16;0,23
87;Procyte Idexx;2;6,36;47,9;17,5;74,9;27,5;36,8;13,2;8,09;64,3;26,7;5;2,8;1,2;5,21;2,17;0,4;0,22;0,09;244;9,2;16;0,23
88;DF-50;1;6,95;48,8;17;70,2;24,5;34,8;16,8;7,86;67,3;21,9;7,9;2,4;0,5;5,29;1,72;0,62;0,19;0,04;294;10,4;12,9;0,3
88;DF-50;2;6,9;48,3;17;70;24,6;35,2;16,6;7,91;68,4;21,7;7,7;2,1;0,1;5,4;1,72;0,61;0,17;0,01;310;10,5;12,9;0,32
88;Procyte Idexx;1;6,35;46,5;17,2;73,3;27,1;36,9;13,2;6,69;74,7;18,3;3,8;2,1;1,1;5;1,23;0,25;0,14;0,07;228;9,6;16,2;0,22
88;Procyte Idexx;2;6,32;46,4;17,2;73,3;27,2;37,1;13,2;6,5;70,9;19,6;6,9;2,2;0,4;4,61;1,28;0,45;0,14;0,02;226;9,5;15,9;0,21
89;DF-50;1;5,21;36,7;12,7;70,4;24,4;34,6;15,1;14,73;84,6;6,8;7,8;0,6;0,2;12,46;1;1,15;0,09;0,03;339;11,1;14,2;0,38
89;DF-50;2;5,24;36,9;12,7;70,4;24,2;34,4;15,1;14,67;83,1;7;9;0,4;0,5;12,19;1,02;1,32;0,06;0,08;342;11,2;14,4;0,38
89;Procyte Idexx;1;4,81;35,1;12,9;73;26,7;36,6;13,1;12,86;6,6;5,5;7,3;0,4;0,2;11,14;0,71;0,94;0,05;0,02;286;9,9;15,8;0,28
89;Procyte Idexx;2;4,77;34,9;12,7;73;26,7;36,6;13,1;12,73;86,7;5,7;6,7;0,7;0,2;11,04;0,73;0,86;0,08;0,02;289;10;15,9;0,29
90;DF-50;1;5,72;38,8;13,8;67,8;24,1;35,6;14,8;5,91;74,6;18,6;5,6;1,2;0;4,41;1,1;0,33;0,07;0;14;;;
90;DF-50;2;5,69;38,5;13,9;67,7;24,4;36,1;15;6,08;73,8;17,8;5,6;2,6;0,2;4,49;1,08;0,34;0,16;0,01;15;;;
90;Procyte Idexx;1;5,19;36,8;13,8;71;26,6;37,5;13;4,66;73,2;16,9;7,4;2,3;0,2;3,42;0,79;0,35;0,1;0;21;6,3;15;0,01
90;Procyte Idexx;2;5,22;37;13,9;70,9;26,6;37,6;12,9;4;75,3;15,1;7,3;2;0,3;3,54;0,71;0,35;0,09;0,01;25;6,6;15,4;0,02
91;DF-50;1;3,88;25,4;9;65,5;23,2;35,4;14,1;40,87;81,2;7,7;9,7;1,3;0,1;33,18;3,14;3,97;0,53;0,05;131;;;
91;DF-50;2;3,89;25,3;9;65;23,1;35,6;14,2;41,28;81,3;7;10;1,7;0;33,57;2,88;4,11;0,7;0,02;133;;;
91;Procyte Idexx;1;3,61;24,7;9,3;68,5;25,8;37,7;12,4;29,97;85,6;3,5;9,6;1;0,3;25,66;1,05;2,88;0,3;0,08;151;12,2;16,5;0,18
91;Procyte Idexx;2;3,59;14,6;9,3;68,3;26;38;12,2;29,71;85,4;3,7;9,7;0,9;0,3;25,38;1,1;2,89;0,26;0,08;140;12;16,6;0,17
92;DF-50;1;6,45;43;14,8;66,7;22,9;34,4;17,2;9,56;72,4;13,3;8,8;5,3;0,2;6,92;1,27;0,84;0,51;0,02;119;12;18,8;0,14
92;DF-50;2;6,48;43,1;14,9;66,5;23;34,6;17,7;9,38;72,7;13;8,5;5,5;0,3;6,81;1,22;0,8;0,52;0,03;127;;;
92;Procyte Idexx;1;5,81;40;15;68,9;25,8;37,5;14;7,79;74,3;12,5;7,1;5,9;0,2;5,79;0,98;0,56;0,45;0,01;119;9,7;15,8;0,12
92;Procyte Idexx;2;5,75;39,6;15;68,9;26,1;37,8;13,8;7,57;74,2;12,2;7,7;5,7;0,2;5,62;0,93;0,58;0,43;0,01;119;10;15,8;0,12
93;DF-50;1;6,59;41,7;14,8;63,3;22,5;35,5;15,4;18,36;83,5;8,8;7,2;0,3;0,2;15,32;1,61;1,33;0,06;0,04;646;7,6;8,5;0,49
93;DF-50;2;6,54;41,6;14,6;63,6;22,3;35,1;15,6;18,07;82,6;9,5;7,5;0,2;0,2;14,93;1,72;1,35;0,04;0,03;623;7,3;8;0,45
93;Procyte Idexx;1;5,86;39,6;14,9;67,7;25,4;37,5;12,6;15,14;86,1;5,9;7,4;0,4;0,2;13,04;0,89;1,12;0,06;0,03;480;6,7;16,3;0,32
93;Procyte Idexx;2;5,9;39,2;14,9;67,7;25,3;37,4;12,5;15,27;85,9;6,3;7,3;0,3;0,2;13,12;0,96;1,12;0,04;0,03;466;6,7;16,2;0,31
94;DF-50;1;5,05;29,2;10,8;57,8;21,4;37;16,2;18,55;82,3;9;8,5;0,1;0,1;15,28;1,67;1,57;0,01;0,02;280;11,2;16,7;0,31
94;DF-50;2;5,15;29,6;10,9;57,5;21,2;36,8;16,1;18,7;80,9;9,8;9,8;9,1;0,1;0,1;15,11;1,84;1,71;0,02;292;11,4;15,9;0,33
94;Procyte Idexx;1;4,71;29,6;11,1;62,8;23,7;37,7;13,4;15,59;87,6;2,9;8,7;0,6;0,2;13,66;0,45;1,36;0,09;0,03;259;10,2;15,6;0,26
94;Procyte Idexx;2;4,71;29,5;11,2;62,6;23,7;37,9;13,5;15,07;87,5;3;8,8;0,6;0,1;13,19;0,45;1,33;0,09;0,01;250;10,1;15,3;0,25
95;DF-50;1;7,22;45,4;16,1;62,9;22,3;35,5;18,9;12,95;49,7;25,7;5,4;18,9;0,3;6,43;3,33;0,7;2,45;0,04;228;11,2;13,1;0,25
95;DF-50;2;7,24;45,1;16,2;62,3;22,4;35,9;18,7;13,24;49,5;25,7;5,2;19,3;0,3;6,56;3,4;0,69;2,55;0,04;234;10,8;14,3;0,25
95;Procyte Idexx;1;6,45;43,7;16,2;67,8;25,1;37,1;13,5;10,41;51,6;23,2;6,5;18,5;0,2;5,38;2,42;0,67;1,92;0,02;183;9,3;15,7;0,17
95;Procyte Idexx;2;6,52;44,2;16,4;67,8;25,2;37,2;13,5;10,69;51,1;233,5;6,2;19,1;0,1;5,47;2,51;0,66;2,04;0,01;191;9,5;15,8;0,18
96;DF-50;1;3,31;24,8;7,7;74,9;23,3;31;;21,38;54,5;33;12;0,5;0;11,65;7,05;2,57;0,1;0,01;16;;;
96;DF-50;2;3,26;24,5;7,6;75,2;23,3;31;;20,51;52,3;35,2;11,9;0,6;0;10,73;7,22;2,44;0,12;0;13;;;
96;Procyte Idexx;1;3,15;24;8;76;25,4;33,5;;18,46;55,7;30,8;12;0,6;0,9;10,29;5,69;2,21;0,11;0,16;26;6,7;15,7;0,02
96;Procyte Idexx;2;3,15;24;8,1;76,2;25,6;33,6;;18,79;57,1;31;10,2;0,5;1,2;10,73;5,83;1,92;0,09;0,22;22;6,2;15,6;0,01
97;DF-50;1;7,3;46,8;16,8;64,1;23;35,9;16,8;26,55;88,3;6,6;4,9;0,1;0,1;23,46;1,74;1,3;0,02;0,03;183;11,4;14,5;0,21
97;DF-50;2;7,27;46,8;16,6;64,4;22,8;35,5;16,5;26,58;88,7;6,5;4,6;0,1;0,1;23,58;1,73;1,22;0,02;0,03;170;10,8;15,4;0,18
97;Procyte Idexx;1;6,52;44,3;17;67,9;26,1;38,5;13;18,16;93;2,3;4,2;0,4;0,1;16,89;0,42;0,77;0,07;0,01;153;9,5;15,6;0,15
97;Procyte Idexx;2;6,54;44,2;17,1;67,7;26,2;38,7;13;17,82;92,3;2,4;4,1;1,1;0,1;16,45;0,43;0,74;0,19;0,01;151;9,5;15,7;0,14
98;DF-50;1;5,77;38,8;13,6;67,2;23,6;35,1;14,9;14,64;51;37,4;9,2;2,3;0,1;7,46;5,48;1,35;0,33;0,02;388;9,2;11,1;0,36
98;DF-50;2;5,79;38,6;13,6;66,7;23,5;35,2;14,9;14,17;50,4;37,2;9,6;2,2;0,6;7,15;5,27;1,36;0,31;0,08;380;9,5;11,5;0,36
98;Procyte Idexx;1;5,28;37,1;13,7;70,3;25,9;36,9;12,9;10,84;60,4;34,8;2,2;2,1;0,5;6,55;3,78;0,24;0,22;0,05;302;8,8;15,8;0,26
98;Procyte Idexx;2;5,41;38,1;13,8;70,4;25,5;36,2;13;10,77;55,4;34,4;7,4;2,1;0,7;5,97;3,71;0,8;0,22;0,07;311;8,9;15,9;0,28
99;DF-50;1;;;;;;;;;;;;;;;;;;;;;;
99;DF-50;2;;;;;;;;;;;;;;;;;;;;;;
99;Procyte Idexx;1;;;;;;;;;;;;;;;;;;;;;;
99;Procyte Idexx;2;;;;;;;;;;;;;;;;;;;;;;
100;DF-50;1;7,39;50,4;17,4;68,2;23,5;34,5;18,1;15,49;77,4;10,4;4,4;7,7;0,1;11,98;1,61;0,68;1,2;0,02;765;8;9,1;0,61
100;DF-50;2;7,37;50,2;17,4;68,1;23,6;34,7;18,1;15,31;77,4;10,8;4,4;7,4;0;11,84;1,65;0,68;1,14;0;766;8,1;9,3;0,62
100;Procyte Idexx;1;6,57;47,9;17,5;73;26,6;36,5;12,98;11,83;79,1;9,8;3,7;7,1;0,3;9,36;1,16;0,44;0,84;0,04;504;7,3;16,2;0,37
100;Procyte Idexx;2;6,5;47,4;17,3;73;26,6;36,5;12,9;11,61;79,1;9,9;3,5;7,2;0,3;9,18;1,15;0,41;0,84;0,03;519;7,3;16,1;0,38
101;DF-50;1;5,65;36,8;13,4;65,1;23,7;36,4;14,8;14,92;65,8;19;8,8;5,7;0,7;9,81;2,83;1,32;0,85;0,11;1125;8,8;10,7;0,99
101;DF-50;2;5,66;36,7;13,4;64,8;23,7;36,5;14,9;14,87;65,7;19,7;8,9;5,6;0,1;9,75;2,93;1,33;0,84;0,02;1107;8,9;10,6;0,98
101;Procyte Idexx;1;5,21;36,9;13,9;70,8;26,7;37,7;12,9;11,18;66,9;18,3;9,1;5,4;0,3;7,48;2,05;1,02;0,6;0,03;818;8,2;16,1;0,67
101;Procyte Idexx;2;5,19;36,7;13,9;70,8;26,8;37,8;12,8;11,12;65,7;18,9;9,2;5,9;0,3;7,31;2,11;1,02;0,65;0,03;814;8,2;16;0,67
102;DF-50;1;4,52;29,4;10,4;65;23;35,4;14,4;36,37;81,5;9,6;7,6;1,1;0,2;29,65;3,49;2,77;0,4;0,06;259;13,4;24,4;0,35
102;DF-50;2;4,51;29,5;10,5;65,4;23,3;35,6;14,4;37,24;81,1;10,4;7,3;1,1;0,1;30,19;3,86;2,72;0,42;0,05;258;12,7;23,2;0,33
102;Procyte Idexx;1;4,15;28,6;10,9;68,8;26,2;38,1;12,5;27,33;86,1;4,9;7,8;1;0,2;23,54;1,33;2,14;0,27;0,05;247;11,8;16,7;0,29
102;Procyte Idexx;2;4,17;28,8;10,8;69,1;26;37,7;12,5;27,55;85,5;4,9;8,4;1,1;0,1;23,56;1,35;2,32;0,3;0,02;247;12,1;16,6;0,3
103;DF-50;1;3,25;24,5;7,1;75,4;21,8;29;26,2;24,88;73,7;11,7;13,8;0,5;0,3;18,33;2,92;3,43;0,12;0,08;55;;;
103;DF-50;2;3,29;24,8;7,1;75,4;21,6;28,6;26,2;26,21;75,3;11,4;13;0,3;0;19,73;2,98;3,41;0,08;0,01;71;;;
103;Procyte Idexx;1;3,08;23,5;7,4;76,4;24;31,4;21,1;18,95;78,7;8,8;11,5;0,9;0,1;14,92;1,67;2,18;0,17;0,01;87;9,6;15,8;0,08
103;Procyte Idexx;2;3,07;23,5;7,6;76,6;24,6;32,1;20,8;19,1;79,4;8,8;10,5;1,1;0,2;15,17;1,68;2,01;0,21;0,03;81;9,5;15,4;0,08
104;DF-50;1;7,83;48,2;17,5;61,6;22,3;36,3;18,6;7,48;58,3;29,1;6,4;6,1;0,1;4,35;2,18;0,48;0,46;0,01;219;11,1;14,3;0,24
104;DF-50;2;7,91;48,7;17,5;61,6;22,1;35,9;18,6;7,41;57,4;30,4;5,7;6,2;0,3;4,26;2,25;0,42;0,46;0,02;241;11,4;14,2;0,27
104;Procyte Idexx;1;6,93;45,8;17,5;66;25,2;38,2;16,7;6,36;59,9;28,4;4,6;6,9;0,2;3,81;1,81;0,29;0,44;0,01;185;9,8;15,7;0,18
104;Procyte Idexx;2;6,95;46;17,5;66,1;25,2;38,2;18,6;6,33;59,4;27,8;5,6;7;0,2;3,77;1,76;0,35;0,44;0,01;185;9,5;15,7;0,18
105;DF-50;1;8,82;55,5;20,6;62,9;23,4;37,1;19,8;11,21;71,5;14,9;8,2;4,2;1,2;8,01;1,67;0,92;0,47;0,14;310;10,3;13;0,32
105;DF-50;2;8,77;55,4;20,3;63,2;23,1;36,6;19,5;10,92;71,8;14,8;9,3;4,1;0;7,83;1,62;1,02;0,45;0;298;10,2;12,4;0,3
105;Procyte Idexx;1;7,59;52,3;20,2;68,8;26,7;38,7;20,9;8,77;73,3;12,7;9,2;4,6;0,2;6,43;1,12;0,81;0,4;0,01;213;9,1;15,5;0,19
105;Procyte Idexx;2;7,73;53,8;20,4;69,6;26,3;37,8;21,4;8,83;74,4;12,8;8,7;3,9;0,2;6,57;1,14;0,77;0,34;0,01;210;9;15,6;0,19
106;DF-50;1;5,22;33,2;11,8;63,6;22,6;35,5;14;18,59;55;28;15,1;1,8;0,1;10,24;5,21;2,8;0,33;0,01;83;11,4;18;0,1
106;DF-50;2;4,71;28,7;10,7;60,9;22,7;37,3;14;16,23;56,8;26,2;14,9;2;0,1;9,22;4,25;2,42;0,33;0,01;120;11,4;17,6;0,14
106;Procyte Idexx;1;4,78;32,1;12,2;67,3;25,5;38;12,3;16,17;61,8;21,7;12,5;2,1;1,9;10;3,51;20,3;0,33;0,3;123;10,6;16,4;0,13
106;Procyte Idexx;2;4,7;31,6;11,8;67,3;35,2;37,4;12,3;15,46;61,2;21,6;13,2;1,9;2,1;9,47;3,34;2,04;0,29;0,32;120;10,5;16,6;0,13
107;DF-50;1;6,6;42,3;15,2;64,1;23;35,9;17;11,15;83,8;9,6;3,9;2,6;0,1;9,35;1,07;0,43;0,29;0,01;388;10,7;12,8;0,41
107;DF-50;2;6,67;42,3;15,2;63,4;22,8;35,9;16,5;11,31;82,8;10,4;4;2,7;0,1;9,37;1,18;0,45;0,3;0,01;380;11;13,9;0,42
107;Procyte Idexx;1;5,77;38,9;15;67,3;25,9;38,5;13,1;9,1;85,6;8,7;3;2,4;0,3;7,79;0,8;0,28;0,21;0,02;268;9,8;15,5;0,29
107;Procyte Idexx;2;5,74;38,8;14,9;67,6;26;38,5;13,2;8,87;83,7;9,9;3,5;2,6;0,3;7,43;0,88;0,31;0,23;0,02;299;9,9;15,6;0,3
108;DF-50;1;5,57;33,9;11,9;60,9;21,4;35,1;17;1,55;4,5;62,6;32,9;0;0;0,07;0,97;0,51;0;0;526;7,7;9,4;0,4
108;DF-50;2;5,51;33,1;11,9;60,1;21,6;36;16,9;1,63;3,1;63,2;33,7;0;0;0,05;1,03;0,55;0;0;495;7,6;8,7;0,38
108;Procyte Idexx;1;4,88;31,36;11,9;64,2;24,5;38,2;14,2;1,43;15,3;61,6;20,4;0,8;1,9;0,21;0,89;0,3;0,01;0,02;422;7,1;16,2;0,3
108;Procyte Idexx;2;4,81;30,7;11,8;63,9;24,5;38,3;14,2;1,52;15,9;61,4;19,1;1,5;2,1;0,24;0,94;0,29;0,02;0,03;429;7;16,3;0,3
109;DF-50;1;7,52;48,4;17;64,4;22,6;35,1;17,6;8,88;36,1;41,8;10;12;0,1;3,12;3,71;0,89;1,07;0,01;225;12,8;17;0,29
109;DF-50;2;7,46;47,7;16,9;63,9;22,7;35,4;17,5;8,72;35,8;42;9,5;12,6;0,1;3,12;3,66;0,83;1,1;0,01;214;11,8;17,4;0,25
109;Procyte Idexx;1;5,77;38,9;15;67,3;25,9;38,5;13,1;9,1;85,6;8,7;3;2,4;0,3;7,79;0,8;0,28;0,21;0,02;298;9,8;15,5;0,29
109;Procyte Idexx;2;5,74;38,8;14,9;67,6;26;38,5;13,2;8,87;83,7;9,9;3,5;2,6;0,3;7,43;0,88;0,31;0,23;0,02;299;9,9;15,6;0,3
110;DF-50;1;5,67;35,7;12,8;63;22,6;35,9;16;13,49;73,8;14,5;7,8;3,6;0,3;9,95;1,96;1,05;0,49;0,04;268;10,7;14,3;0,29
110;DF-50;2;5,64;36,4;12,8;64,5;22,7;35,2;15,7;13,21;73,9;14,7;7,9;3,3;0,2;9,77;1,94;1,04;0,44;0,02;306;10,7;14,1;0,33
110;Procyte Idexx;1;4,95;32,7;12,7;66,1;25,6;38,7;13,4;10,69;77,9;12,1;6,8;2,9;0,3;8,33;1,3;0,72;0,31;0,03;246;9,8;15,9;0,24
110;Procyte Idexx;2;5;33,2;12,8;66,5;25,6;38,5;13,4;10,2;76,3;12,9;6,9;3,6;0,3;7,79;1,32;0,7;0,36;0,03;245;9,9;15,9;0,24
111;DF-50;1;5,58;33,2;12,7;59,5;22,8;38,3;16,1;2,67;67;15,4;17,2;0;0,4;1,79;0,41;0,46;0;0,01;0;;;
111;DF-50;2;5,62;33,5;12,7;59,6;22,6;37,9;16;2,58;67,5;15,1;17,4;0;0;1,74;0,39;0,45;0;0;2;;;
111;Procyte Idexx;1;5,08;32,4;12,8;63,8;25,1;39,4;13,3;2,29;75,8;10,6;12,1;0,6;0,9;1,74;0,24;0,28;0,01;0,02;24;6,7;15,1;0,02
111;Procyte Idexx;2;5,1;32,8;12,8;64,3;25,1;39;13,2;2,31;72,5;14;10,6;1,1;1,8;1,67;0,32;0,24;0,03;0,04;20;6,4;15;0,01
112;DF-50;1;8,12;54,3;19,5;66,9;24;35,9;18,7;10,64;63,4;24,7;5,2;6,6;0,1;6,75;2,63;0,55;0,7;0,01;439;8,6;9,3;0,38
112;DF-50;2;8,12;54,1;19,5;66,6;24;36;18,7;10,63;62,1;26;5,2;6,5;0,2;6,61;2,76;0,55;0,69;0,02;443;8,5;9,8;0,38
112;Procyte Idexx;1;7,13;50,6;19,8;71;27,8;39,2;15,8;8,46;64,4;23,8;4,7;6,7;0,4;5,45;2,01;0,4;0,57;0,03;292;7,8;16,2;0,23
112;Procyte Idexx;2;7,16;50,7;19,8;70,9;27,7;39,1;15,1;8,35;64,1;23,2;5,3;7;0,4;5,35;1,94;0,44;0,58;0,03;286;7,8;16,1;0,22
113;DF-50;1;5,44;35,4;13,3;65,1;24,4;37,6;15,9;8,66;9,7;66,2;21,8;0,2;2,1;0,84;5,73;1,89;0,02;0,18;1;;;
113;DF-50;2;5,38;35,1;13,3;65,2;24,7;37,9;15,7;8,29;9,1;67,8;22,2;0,1;0,8;0,75;5,62;1,84;0,01;0,07;0;;;
113;Procyte Idexx;1;4,9;34,2;13,5;69,7;27,4;39,4;13;6,28;87,1;6;5,3;1,2;0,4;5,47;0,38;0,33;0,08;0,03;25;12;13,6;0,03
113;Procyte Idexx;2;4,93;34,3;13,4;69,7;27,2;39,1;13,1;6,34;86,9;5,9;5,1;1,4;0,7;5,51;0,38;0,33;0,08;0,04;21;11,9;13,7;0,03
114;DF-50;1;8,14;55,6;19,8;68,3;24,3;35,6;18,4;12,57;42,4;40;6,5;11;0,1;5,33;5,03;0,82;1,38;0,01;403;11,6;14,3;0,47
114;DF-50;2;8,2;56,1;19,8;68,4;24,1;35,3;18,4;12,49;43,9;39,2;6,3;10,5;0,1;5,48;4,9;0,79;1,31;0,01;377;11,6;14,1;0,44
114;Procyte Idexx;1;7,17;51,6;19,9;72,1;27,8;38,5;12,9;11,24;48,9;35,2;3,2;12,2;0,5;5,5;3,96;0,36;1,37;0,06;260;10,3;15,7;0,27
114;Procyte Idexx;2;7,21;51,9;19,9;71,9;27,6;38,4;17,4;11,19;50,9;34,6;2,8;11,3;0,4;5,7;3,87;0,31;1,26;0,04;257;10,4;15,9;0,27
115;DF-50;1;8,02;56,2;19,9;70,1;24,8;35,4;18,7;10,25;60,5;32,4;3,9;3,2;0;6,2;3,32;0,4;0,33;0;196;11,2;14;0,22
115;DF-50;2;7,96;56;19,7;70,4;24,7;35,2;18,8;10,3;60,8;32,4;3,5;3;0,3;6,26;3,34;0,36;0,31;0,03;202;11,3;14,2;0,23
115;Procyte Idexx;1;7,07;151,9;19,8;73,5;28,1;38,2;15,2;8,41;62,6;30,6;3,4;3,2;0,2;5,26;2,57;0,29;0,27;0,02;147;9,5;15,7;0,14
115;Procyte Idexx;2;7,17;52,8;19,8;73,7;27,6;37,5;15;8,26;62,2;30,6;3,9;3,2;0,1;5,14;2,53;0,32;0,26;0,01;139;9,5;15,9;0,13
116;DF-50;1;4,88;31,7;11,6;65;23,8;36,6;20;21,26;75,8;17,6;4,8;1,7;0,1;16,12;3,75;1,01;0,36;0,02;195;10,8;13,7;0,21
116;DF-50;2;4,87;31,9;11,4;65,5;23,4;35,7;20,1;21,29;74,7;18,6;4,7;1,9;0,1;15,89;3,95;1,01;0,41;0,03;202;11;13,7;0,22
116;Procyte Idexx;1;4,49;31;11,6;69,1;25,9;37,5;16,4;15,21;84,3;11,45;2,1;2,1;0,1;12,83;1,74;0,32;0,32;0,02;185;9,6;16,2;0,18
116;Procyte Idexx;2;4,58;31,8;11,9;69,36;26;37,5;16,2;15,39;85;10,6;1,8;2,4;0,2;13,08;1,63;0,28;0,37;0,03;183;9,8;16,1;0,18
117;DF-50;1;6,25;40,5;14,6;64,8;23,4;36;17,3;8,9;60,2;21,5;6,1;12;0,2;5,36;1,91;0,54;1,07;0,02;520;10,3;14,3;0,54
117;DF-50;2;6,29;40,4;14,6;64,2;23,2;36,1;16,7;8,96;60;21,7;6,7;11,4;0,2;5,38;1,94;0,6;1,02;0,02;520;10,6;13,5;0,55
117;Procyte Idexx;1;5,68;39,2;14,8;69;26;37,7;13,2;7,24;61,5;20;6,6;11,8;0,1;4,46;1,45;0,47;0,86;0;388;9,6;16,2;0,37
117;Procyte Idexx;2;5,78;40;14,9;69,3;25,7;37,1;13,2;6,95;61,5;20,6;5,7;12;0,2;4,28;1,44;0,39;0,83;0,01;393;9,6;16,2;0,38
118;DF-50;1;5,82;34,9;12,4;60;21,3;35,5;15,5;16,35;50,4;38,8;6,6;4,1;0,1;8,33;6,42;1,09;0,68;0,01;280;8;9;0,22
118;DF-50;2;5,8;35,1;12,4;60,5;21,4;35,3;15,5;16,1;50,4;38,8;7;3,7;0,1;8,13;6,25;1,12;0,59;0,01;272;8;9;0,22
118;Procyte Idexx;1;5,26;33,9;12,6;64,4;23,9;37,2;13,4;13,29;50,8;36,8;7,4;4,2;0,8;6,76;4,9;0,98;0,55;0,1;227;7,3;15,6;0,17
118;Procyte Idexx;2;5,22;33,5;12,6;64,2;24,2;37,7;13,4;13,05;50,5;37,9;7,2;3,8;0,6;6,6;4,95;0,94;0,49;0,07;240;7,2;15,6;0,17
